Media	File	Size	Date
CTNdA#01	Bruno Mattei - Le Notti Porno Nel Mondo (Laura Gemser, 1977) [italian version].avi	744.77 MiB	2007-06-29 18:22:44
CTNdA#01	Divx ITA - Chiavi in mano (Martufello Cavagna Badescu Vastano.100%Fonti)by_raremetal78.avi	741.81 MiB	2007-12-13 13:57:37
CTNdA#01	Joe_D'amato - Emanuelle e le Porno Notti (B.Mattei & J.D'amato 1978) VHS-Rip by Nameless.AVI	742.88 MiB	2007-07-08 11:34:42
CTNdA#01	Le Notti porno nel Mondo n.2 (Joe D'amato 1978).AVI	696.98 MiB	2007-12-03 08:29:03
CTNdA#01	Libidomania.1980.GERMAN.VHSRip.DivX-UNKNOWN/Libidomania.1980.GERMAN.VHSRip.DivX-UNKNOWN.avi	699.38 MiB	2007-07-15 15:59:28
CTNdA#01	Libidomania.1980.GERMAN.VHSRip.DivX-UNKNOWN/Thumbs.db	7 KiB	2007-10-26 21:05:10
CTNdA#01	Savage_Man_Savage_Beast/Savage Man - Savage Beast.avi	698.61 MiB	2007-12-27 08:38:41
CTNdA#01	Savage_Man_Savage_Beast/Savage_Man_Savage_Beast.nfo	4.94 KiB	2007-12-27 05:06:32
CTNdA#01	Savage_Man_Savage_Beast/UltimeGridaDallaSavanaPoster.jpg	44.23 KiB	2007-12-27 05:06:32
CTNdA#02	[DivX - ITA] - Pensione Amore Servizio Completo - Lory Del Santo (Sat Rip Mic).avi	598.29 MiB	2007-12-01 20:44:40
CTNdA#02	[XviD - ENG] Let My Puppets Come part 1.avi	214.91 MiB	2004-04-28 13:25:31
CTNdA#02	[XviD - ENG] Let My Puppets Come part 2.avi	175.68 MiB	2004-04-28 16:35:27
CTNdA#02	Bestialita.DVDRrip.XVid.PiMPRiPPaZ.avi	699.64 MiB	2007-12-29 09:43:03
CTNdA#02	L'Umanoide (Aldo Lado, 1979).avi	1146.63 MiB	2008-01-02 18:28:28
CTNdA#02	La Croce Dalle Sette Pietre.avi	694.58 MiB	2007-12-27 23:09:10
CTNdA#02	Patrick Vive Ancora(1980).avi	703.48 MiB	2008-01-05 11:29:41
CTNdA#03	[DivX - ITA] - Hansel e Gretel.avi	702.14 MiB	2008-01-08 16:36:49
CTNdA#03	Alien 2 sulla Terra (fs).avi	698.18 MiB	2008-01-04 11:52:22
CTNdA#03	Delitto Carnale (LQ).LiQuIdGoBlIn.avi	681.08 MiB	2008-01-13 18:40:18
CTNdA#03	Emanuelle's Perverse Outburst.avi	969.23 MiB	2008-01-15 20:05:46
CTNdA#03	La Bestia In Calore.avi	722.89 MiB	2008-01-11 09:02:20
CTNdA#03	Orgasmo Nero(Joe D'Amato - 1980).DVDRip.ITA.Uncut.AnlColl.[GS].avi	698.49 MiB	2008-01-05 06:48:58
CTNdA#04	[DivX - ITA] A cena col vampiro {1988}.avi	695.22 MiB	2008-01-25 13:36:40
CTNdA#04	[FANTASCIENZA] 1982 - Bakterion.avi	696.34 MiB	2008-01-24 03:34:20
CTNdA#04	Africa Ama (A & A Castiglioni 1972).avi	903.01 MiB	2008-01-23 18:28:44
CTNdA#04	Bracardi - Vinella e Don Pezzotta.avi	545.27 MiB	2008-01-26 05:47:39
CTNdA#04	Erotico - Renato Polselli - Oscenita (1979).avi	685.96 MiB	2008-01-17 23:13:33
CTNdA#04	Flashman.avi	637.01 MiB	2008-01-16 20:35:52
CTNdA#05	[DivX - ITA] (Sex - Horror) Riti, magie nere e segrete orge nel trecento (1972 R.Polselli).avi	671.05 MiB	2006-12-03 10:23:50
CTNdA#05	[ITA] - Guerra del ferro , La - (Ironmaster - Vindicator) - ITA - 1982 - (Umberto Lenzi) - [Silvia&.avi	686.47 MiB	2008-02-02 19:44:52
CTNdA#05	Estratto.dagli.archivi.segreti.della.polizia.di.una.capitale.europea.1972.Englishsubs.dvdrip.Xvid.B.avi	698.95 MiB	2008-01-19 14:26:19
CTNdA#05	Il Bosco 1( Evil Clutch) - Andrea Marfori.avi	678.18 MiB	2008-02-10 09:34:00
CTNdA#05	L'Uomo Puma - Alberto De Martino - 1980 (ITA VHSRIP In_humanity).avi	833.53 MiB	2008-02-10 18:10:53
CTNdA#05	LE SEXY GODITRICI (Jess Franco, 1975) Vhs_Rip by Nameless.avi	702.31 MiB	2008-01-27 18:47:22
CTNdA#06	buio_omega.avi	700.47 MiB	2008-03-03 18:48:35
CTNdA#06	delirio_di_sangue.avi	694.95 MiB	2008-03-03 18:50:37
CTNdA#06	delitto_carnale.avi	699.79 MiB	2008-03-03 18:52:26
CTNdA#06	malabimba_1979_dvdrip_xvid_.avi	896.23 MiB	2008-03-03 18:57:17
CTNdA#06	paganini_horror.avi	673.15 MiB	2008-03-03 18:59:04
CTNdA#06	The Barbarians (1987).avi	698.68 MiB	2008-03-19 16:13:11
CTNdA#07	[Divx - ITA] Zombi Horror - Le Notti del terrore.avi	691.01 MiB	2008-02-19 20:44:14
CTNdA#07	Ciak, si muore (M. Moroni 1974).avi	700.43 MiB	2008-03-23 16:58:49
CTNdA#07	La Mano Che Nutre La Morte (Sergio Garrone,1974)(VHSrip by ACIA).avi	702.99 MiB	2008-03-15 02:48:27
CTNdA#07	Massacre.avi	711.17 MiB	2008-03-19 16:09:57
CTNdA#07	Non Avere Paura Della Zia Marta.avi	691.64 MiB	2008-03-19 16:11:34
CTNdA#07	Pensione.Paura.1977.DVDRip.XviD-SiCK-CG.avi	896.01 MiB	2008-02-13 17:46:46
CTNdA#08	[ITA 1974 DivX5-MP3] Robert Oliver - Terror! Il castello delle donne maledette.avi	691.4 MiB	2008-03-30 06:43:04
CTNdA#08	Il paese del sesso selvaggio [divx - ita - Lenzi].avi	632.36 MiB	2008-03-23 20:01:47
CTNdA#08	L'albero della vita - Educazione sessuale in animazione per bambini.avi	412.18 MiB	2008-03-24 23:48:58
CTNdA#08	L'immoralita (Giallo)/Immoralita.jpg	64.86 KiB	2008-04-02 13:42:51
CTNdA#08	L'immoralita (Giallo)/L'immoralit? (Massimo Pirri, 1978).avi	895.59 MiB	2008-04-02 13:45:15
CTNdA#08	L'immoralita (Giallo)/L'immoralit? (Massimo Pirri, 1978).srt	72.76 KiB	2008-04-02 13:45:15
CTNdA#08	L'immoralita (Giallo)/L'immoralita - Ennio Morricone/01 - perche simona.mp3	5.76 MiB	2008-04-02 13:45:17
CTNdA#08	L'immoralita (Giallo)/L'immoralita - Ennio Morricone/02 - la voliera.mp3	3.17 MiB	2008-04-02 13:45:17
CTNdA#08	L'immoralita (Giallo)/L'immoralita - Ennio Morricone/03 - e domani.mp3	10.03 MiB	2008-04-02 13:45:19
CTNdA#08	L'immoralita (Giallo)/L'immoralita - Ennio Morricone/04 - perche.mp3	3.78 MiB	2008-04-02 13:45:20
CTNdA#08	L'immoralita (Giallo)/L'immoralita - Ennio Morricone/05 - il giardino nel giardino.mp3	3.99 MiB	2008-04-02 13:45:21
CTNdA#08	L'immoralita (Giallo)/L'immoralita - Ennio Morricone/06 - la villa.mp3	6.86 MiB	2008-04-02 13:45:22
CTNdA#08	L'immoralita (Giallo)/L'immoralita - Ennio Morricone/07 - immoralita.mp3	4.11 MiB	2008-04-02 13:45:23
CTNdA#08	L'immoralita (Giallo)/L'immoralita - Ennio Morricone/08 - la voliera vuota.mp3	5.19 MiB	2008-04-02 13:45:24
CTNdA#08	L'immoralita (Giallo)/L'immoralita - Ennio Morricone/09 - falsamente donna.mp3	4.16 MiB	2008-04-02 13:45:25
CTNdA#08	L'immoralita (Giallo)/L'immoralita - Ennio Morricone/10 - la madre immorale.mp3	3.14 MiB	2008-04-02 13:45:26
CTNdA#08	L'immoralita (Giallo)/L'immoralita - Ennio Morricone/11 - nella stanza del padre.mp3	3.44 MiB	2008-04-02 13:45:27
CTNdA#08	L'immoralita (Giallo)/L'immoralita - Ennio Morricone/Immoralita_SAG9091.jpg	32.94 KiB	2008-04-02 13:45:27
CTNdA#08	Thrauma.avi	699.39 MiB	2008-03-24 14:04:01
CTNdA#08	Torino Centrale del Vizio (Bruno Vani 1979).avi	751.13 MiB	2008-03-30 22:40:34
CTNdA#09	[ITA][DivX - ITA] Yeti - Il gigante del 20 secolo [G.Parolini.1977][VhsRip][DVD]_.avi	737.4 MiB	2008-04-04 21:23:37
CTNdA#09	Casa dell amore. La polizia interviene.avi	691.5 MiB	2008-04-05 01:41:01
CTNdA#09	Delirio.Caldo.aka.Delirium.1972.DVDRIP.XVID-CG.Filipo.avi	745.3 MiB	2008-04-04 20:58:09
CTNdA#09	Delitto Carnale(uncut).avi	867.38 MiB	2008-03-03 18:54:47
CTNdA#09	La verita' secondo satana.avi	700 MiB	2008-04-03 02:38:21
CTNdA#09	Luna Di Sangue-Bloody Moon (Lucio Fulci Presents) (Enzo Milioni, 1989).avi	700.34 MiB	2008-04-05 03:49:30
CTNdA#10	Bruno Mattei - Sesso Perverso, Mondo Violento (Documentario 1980) Vhs-Rip By Nameless.avi	698.71 MiB	2008-04-06 07:36:04
CTNdA#10	Film Dvx Ita L'ultimo Squalo.avi	682.35 MiB	2008-04-06 15:15:22
CTNdA#10	La.Bimba.Di.Satana.XXX.1982.DVDRip.XviD-SiCK-CG.avi	700 MiB	2008-04-05 15:58:38
CTNdA#10	LSD - Il paradiso a 5 dollari - Acid, delirio dei sensi (Giuseppe Maria Scotese con , 1968).avi	699.77 MiB	2008-04-07 03:10:30
CTNdA#10	Porco Mondo (S. Bergonzelli 1978).avi	699.75 MiB	2008-04-06 11:50:23
CTNdA#10	Rivelazioni Di Uno Psichiatra Sul Mondo Perverso Del Sesso - R Polselli 1973.avi	683.8 MiB	2008-04-06 15:32:03
CTNdA#100	1989.08.14 - [DivX - ITA] - western - Quattro Carogne A Malo.avi	749.52 MiB	2012-07-27 19:29:29
CTNdA#100	Alfonso.Brescia-.Club.Vacanze-.Alvaro.Vitali.Andy.Luotto.Luc.avi	714.45 MiB	2012-06-09 07:58:43
CTNdA#100	Anno zero guerra nello spazio [Alfonso Brescia 1977] {PiViZZ.avi	987.63 MiB	2012-06-04 15:54:33
CTNdA#100	Eros.Perversion.1979.divx	632.45 MiB	2012-04-10 17:12:14
CTNdA#100	Padella Calibro 38 aka E Alla Fine Lo Chiamarono Jerusalem L.avi	700.1 MiB	2012-04-01 14:27:31
CTNdA#100	Quickly, spari e baci a colazione (A. Cavallone - 1974).avi	700.48 MiB	2012-04-03 21:26:57
CTNdA#101	A big Love - DVBripByNikKo[CG].avi	656.53 MiB	2012-07-21 08:54:13
CTNdA#101	Grazie Padre Pio- Il Film Di Gigione E Jo Donatello.avi	433.16 MiB	2012-08-04 17:10:05
CTNdA#101	LUCIO_FULCI_SCREEN_TESTS/VIDEO_TS	0 Byte	Not available
CTNdA#101	tara poki.avi	706.99 MiB	2012-07-04 12:30:52
CTNdA#102	[DivX - ITA] Jolly Blue - Il film degli 883 ok audio video.avi	774.18 MiB	2013-01-03 21:36:00
CTNdA#102	Anno zero guerra nello spazio [Alfonso Brescia 1977] {PiViZZ.avi	987.63 MiB	2012-12-17 13:12:29
CTNdA#102	Apocalisse_Di_Un_Terremoto_CG.avi	1003.11 MiB	2013-01-10 10:29:46
CTNdA#102	Pippo Caruso - L'occhio dietro la parete (1977)/L'Occhio Dietro la Parete - 01 - Olga (Main Titles).mp3	2.25 MiB	2012-12-17 13:06:19
CTNdA#102	Pippo Caruso - L'occhio dietro la parete (1977)/L'Occhio Dietro la Parete - 02 - Legame Torbido.mp3	2.12 MiB	2012-12-17 13:06:19
CTNdA#102	Pippo Caruso - L'occhio dietro la parete (1977)/L'Occhio Dietro la Parete - 03 - Concerto N. 1 in Mi	6.73 MiB	2012-12-17 13:06:19
CTNdA#102	Pippo Caruso - L'occhio dietro la parete (1977)/L'Occhio Dietro la Parete - 04 - Il Marchingegno.mp3	1.88 MiB	2012-12-17 13:06:19
CTNdA#102	Pippo Caruso - L'occhio dietro la parete (1977)/L'Occhio Dietro la Parete - 05 - Il Maggiordomo	3.29 MiB	2012-12-17 13:06:18
CTNdA#102	Pippo Caruso - L'occhio dietro la parete (1977)/L'Occhio Dietro la Parete - 06 - Ricatto Biologico.mp3	8.1 MiB	2012-12-17 13:06:19
CTNdA#102	Pippo Caruso - L'occhio dietro la parete (1977)/L'Occhio Dietro la Parete - 07 - Discosession.mp3	6.77 MiB	2012-12-17 13:06:19
CTNdA#102	Pippo Caruso - L'occhio dietro la parete (1977)/L'Occhio Dietro la Parete - 08 - Il Dopo-Arturo.mp3	2.03 MiB	2012-12-17 13:06:19
CTNdA#102	Pippo Caruso - L'occhio dietro la parete (1977)/L'Occhio Dietro la Parete - 09 - Il Maniaco e la	3.19 MiB	2012-12-17 13:06:18
CTNdA#102	Pippo Caruso - L'occhio dietro la parete (1977)/L'Occhio Dietro la Parete - 10 - Introspection.mp3	2.49 MiB	2012-12-17 13:06:19
CTNdA#102	Pippo Caruso - L'occhio dietro la parete (1977)/L'Occhio Dietro la Parete - 11 - Ricordi Incestuosi.mp3	1.78 MiB	2012-12-17 13:06:19
CTNdA#102	Pippo Caruso - L'occhio dietro la parete (1977)/L'Occhio Dietro la Parete - 12 - Suicidio (Finale).mp3	3.89 MiB	2012-12-17 13:06:19
CTNdA#102	Premiata Teleditta - L'assassino e quello con le scarpe gial.avi	744.76 MiB	2013-01-15 09:15:35
CTNdA#102	Sette uomini d'oro nello spazio - Alfonso Brescia.avi	747.57 MiB	2013-01-10 12:24:34
CTNdA#103	Al destino non chiedere quando - film completo.mp4	341.28 MiB	2013-12-09 11:17:56
CTNdA#103	Belle.Da.Morire.2001.DVDRIP.X264/BELLE DA MORIRE.mp4	1.46 GiB	2013-03-30 11:54:34
CTNdA#103	bizarre sinema sexploitation filmmakers/Sexploitation Film Makers.cbr	115.44 MiB	2013-04-21 11:26:40
CTNdA#103	bizarre sinema sexploitation filmmakers/Sexploitation Film Makers.pdf	41.72 MiB	2013-04-21 11:26:46
CTNdA#103	Eaters/Eaters (2011) DvdRip Xvid DK.avi	1.46 GiB	2013-06-18 22:58:32
CTNdA#103	Eaters/Eaters (2011) DvdRip Xvid DK.srt	58.71 KiB	2013-06-18 22:45:03
CTNdA#103	Little Boy Blue - Tiny Terrestrial/Little.Boy.Blue.Tiny.Terrestrial.1990.VHSRip.XVid-CG.avi	936.81 MiB	2013-12-01 12:11:34
CTNdA#103	Little Boy Blue - Tiny Terrestrial/Little.Boy.Blue.Tiny.Terrestrial.1990.VHSRip.XVid-CG.srt	59.78 KiB	2013-12-01 11:30:42
CTNdA#104	io...donna.avi	718.87 MiB	2013-12-11 13:49:39
CTNdA#104	La polizia brancola nel buio (1975).avi	699.41 MiB	2013-12-14 13:50:39
CTNdA#104	La Polizia Ordina, Sparate A Vista (1976).avi	697.96 MiB	2013-11-26 13:28:46
CTNdA#104	La.Rabbia.avi	699.92 MiB	2013-12-14 12:32:43
CTNdA#104	Ultimatum.Alla.Vita.1962.TVRip.XViD-CG.avi	770.08 MiB	2013-01-03 11:54:42
CTNdA#104	Un poliziotto sull'isola.avi	699.5 MiB	2013-11-30 04:56:31
CTNdA#105	Le 10 meraviglie dell'amore/VIDEO_TS/VIDEO_TS.BUP	6 KiB	2015-01-10 21:40:08
CTNdA#105	Le 10 meraviglie dell'amore/VIDEO_TS/VIDEO_TS.IFO	6 KiB	2015-01-10 21:40:08
CTNdA#105	Le 10 meraviglie dell'amore/VIDEO_TS/VTS_01_0.BUP	58 KiB	2015-01-10 21:40:08
CTNdA#105	Le 10 meraviglie dell'amore/VIDEO_TS/VTS_01_0.IFO	58 KiB	2015-01-10 21:40:08
CTNdA#105	Le 10 meraviglie dell'amore/VIDEO_TS/VTS_01_1.VOB	1024 MiB	2015-01-13 14:16:06
CTNdA#105	Le 10 meraviglie dell'amore/VIDEO_TS/VTS_01_2.VOB	981.63 MiB	2015-01-13 14:02:59
CTNdA#105	Madness.1971.TC.BaggerInc.mkv	1.19 GiB	2015-01-13 13:12:02
CTNdA#105	Silvia e L'Amore][Sergio Bergonzelli-1968][DTT-Rip by /- crud.avi	702.7 MiB	2015-01-02 03:51:45
CTNdA#105	The Harvey Wallinger Story.mp4	90.37 MiB	2015-01-04 11:09:08
CTNdA#106	Donne_sopra_femmine_sotto_[1972].avi	941.07 MiB	2013-08-06 05:45:27
CTNdA#106	Jimmy e i Suoi Fenomeni (2006) [cortom].mpg	491.14 MiB	2013-01-15 11:15:58
CTNdA#106	La verita' secondo satana [1971] TOWER VHS.mkv	1.49 GiB	2014-09-06 22:21:39
CTNdA#106	Ring (L.Petrini 78).avi	1.15 GiB	2014-06-16 20:14:18
CTNdA#106	Sexplosion (19XX).avi	208.78 MiB	2014-06-20 03:10:30
CTNdA#107	La Sorprendente Eredit`a del Tonto di Mamm`a.avi	1.06 GiB	2014-06-16 19:22:29
CTNdA#107	Liebes.Lager.1976.VHSRip.XViD-AnF.avi	1.37 GiB	2015-01-25 20:11:34
CTNdA#107	Microworld (with William Shatner) 1976.avi	87.92 MiB	2015-02-07 17:22:26
CTNdA#107	Piccoli Fuochi (Peter Del Monte - ITA - 1985) - VHS-rip and SUB /Piccoli Fuochi (Peter Del Monte - ITA	999.64 MiB	2015-01-23 15:36:13
CTNdA#107	Piccoli Fuochi (Peter Del Monte - ITA - 1985) - VHS-rip and SUB /Piccoli Fuochi (Peter Del Monte - ITA	44.56 KiB	2015-01-23 13:33:54
CTNdA#107	Seme.di.Caino.1972.Bubi,Xvid-CG.avi	745.18 MiB	2015-01-25 22:41:04
CTNdA#107	The Harvey Wallinger Story.mp4	90.37 MiB	2015-01-04 11:09:08
CTNdA#11	[ITA] [Horror] Il fantasma di Sodoma (Lucio Fulci, 1988).avi	690.69 MiB	2008-04-06 22:03:14
CTNdA#11	Classic - Joe D'amato - (Follie Di Notte) ('78) - (Amanda Lear, Ajita Wilson) - (Italy) [1h35m07S].avi	640.3 MiB	2008-04-08 23:27:18
CTNdA#11	FILM RARO - HORROR - La casa delle anime erranti - Umberto Lenzi - licia col? by raro.avi	758.33 MiB	2008-04-10 12:01:27
CTNdA#11	Ita - I Frati Rossi - Horror.avi	691.22 MiB	2008-04-07 22:10:21
CTNdA#11	La Venere d'Ille.avi	675.49 MiB	2008-04-07 19:57:01
CTNdA#11	Quando Alice Ruppe Lo Specchio (L.Fulci 1988 ITA ).avi	687.91 MiB	2008-04-08 20:55:30
CTNdA#12	[DivX - ITA] HORROR - La Villa Delle Anime Maledette.avi	700.47 MiB	2008-04-25 11:18:01
CTNdA#12	[DivX Ita Mondo] Siamo Fatti Cos? - Aiuto! (G. Proia 1980) VHSRip by Nameless.avi	699.79 MiB	2008-04-27 12:52:10
CTNdA#12	Femmine Carnivore (Zbynek Brynych 1970).avi	544.72 MiB	2008-04-11 16:08:26
CTNdA#12	I PADRONI DEL MONDO (A.Cavallone 1983) VHS-Rip.avi	744 MiB	2008-04-14 21:11:30
CTNdA#12	Jess Franco - (1975) - Justine, Una Minorenne Deliziosa (Joe D'amato Version).avi	656.9 MiB	2008-04-14 21:07:59
CTNdA#12	Le Porno Killers (Carmen Russo 1980).avi	694.96 MiB	2008-04-14 14:31:04
CTNdA#13	[DivX - ITA] - Le Porte dell'Inferno - 1990(Horror-Fantascienza).avi	691.48 MiB	2008-04-24 02:31:39
CTNdA#13	Cross of the Seven Jewels PenilePaperCut CG .avi	699.82 MiB	2008-04-27 17:13:51
CTNdA#13	Eleven Days.Eleven.Nights.1986.DVDRIP.XVID-CG.avi/darthvadar cinemageddon.nfo	2.13 KiB	2008-04-14 19:02:21
CTNdA#13	Eleven Days.Eleven.Nights.1986.DVDRIP.XVID-CG.avi/Eleven Days.Eleven.Nights.1986.DVDRIP.XVID-CG.avi.avi	896.42 MiB	2008-04-14 20:37:59
CTNdA#13	I Ragazzi Della Roma Violenta.avi	691.07 MiB	2008-04-24 14:05:56
CTNdA#13	Il Sesso Della Strega (A. Pannaci? 1973) VHS-Rip by davide466.avi	677.19 MiB	2008-04-23 16:15:03
CTNdA#13	La Casa 5.avi	702.12 MiB	2008-04-27 18:54:49
CTNdA#14	(DivX - ITA) Horror - Paura nella citt? dei morti viventi.avi	685.21 MiB	2008-05-12 12:30:00
CTNdA#14	(Divx ITA) Zombi II (L.Fulci) -horror(2).avi	654.64 MiB	2008-05-12 12:32:31
CTNdA#14	[DivX Horror - ITA] La casa nel tempo (L.Fulci).avi	697.36 MiB	2008-05-12 12:25:07
CTNdA#14	[DivX.-.ITA].horror.1989.la.dolce.casa.degli.orrori(L.Fulci).avi	701.41 MiB	2008-05-12 12:27:33
CTNdA#14	Artist-Session1_Track1.mp3	10.73 MiB	2008-05-02 23:17:24
CTNdA#14	Cozzilla/Artist-Session1_Track1.mp3	10.73 MiB	2008-05-02 23:17:24
CTNdA#14	Cozzilla/Artist-Session1_Track2.mp3	9.17 MiB	2008-05-02 23:47:10
CTNdA#14	Cozzilla/Cozzilla [1977] Luigi Cozzi.avi	699.16 MiB	2008-05-03 03:15:40
CTNdA#14	Il medaglione insanguinato.avi	692.51 MiB	2008-05-14 08:52:15
CTNdA#15	CRYSTALBRAIN, L'UOMO DAL CERVELLO DI CRISTALLO.avi	700.15 MiB	2008-05-22 11:33:46
CTNdA#15	Delitti_(1987).avi	680.05 MiB	2008-05-28 06:34:39
CTNdA#15	Il Nano E La Strega.avi	482.85 MiB	2008-05-06 05:49:22
CTNdA#15	Libidine (Ajita Wilson and Marina Hedman - 1979 Ita).avi	1203.42 MiB	2008-05-21 22:06:42
CTNdA#15	Maciste Contro Il Vampiro.avi	787.12 MiB	2008-05-27 21:47:35
CTNdA#15	XXX - Klito Bell (Bathman dal pianeta Eros) - ITA.avi	619.63 MiB	2008-06-07 03:47:08
CTNdA#16	[DIVX - ITA] Nerone (Maria Grazia Buccella - Paola Tedesco).avi	699.68 MiB	2008-06-17 13:52:53
CTNdA#16	[DivX - ITA] Una Notte Al Cimitero.avi	702.14 MiB	2008-06-09 14:55:44
CTNdA#16	La.Trasgressione-scottfm[CG].avi	896.12 MiB	2008-12-15 11:47:29
CTNdA#16	Phenomenal.And.The.Treasure.Of.Tutankamen.1968.VHSRip.XviD-gg.avi	744.77 MiB	2008-05-30 20:35:10
CTNdA#16	Streghe (Witch story di Alessandro Capone 1989).avi	644.39 MiB	2008-06-28 02:57:02
CTNdA#16	Vintage - 1911 - Saffo e Priapo (Italian)[12m46s].mpg	341.81 MiB	2008-06-18 14:12:53
CTNdA#17	Afrika (1973) VHS-Rip by Nameless.avi	699.84 MiB	2008-08-06 23:08:03
CTNdA#17	I Predatori di Atlantide.avi	691.47 MiB	2008-07-31 17:45:32
CTNdA#17	I Sopravvissuti della citta morta.avi	1196.95 MiB	2008-08-06 20:11:23
CTNdA#17	Il Nido Del Ragno.avi	687.26 MiB	2008-08-01 19:24:02
CTNdA#17	Il Plenilunio Delle Vergini.avi	675.45 MiB	2008-08-03 00:10:55
CTNdA#17	Mondo Caldi Di Notte/01 Suspence.mp3	1.14 MiB	2008-07-21 16:41:36
CTNdA#17	Mondo Caldi Di Notte/02 Estasi Tropicana.mp3	2.26 MiB	2008-07-21 16:41:50
CTNdA#17	Mondo Caldi Di Notte/03 Easy Macumba.mp3	1.45 MiB	2008-07-21 16:42:27
CTNdA#17	Mondo Caldi Di Notte/04 Sexy World.mp3	2.64 MiB	2008-07-21 16:40:45
CTNdA#17	Mondo Caldi Di Notte/05 Ostinazione.mp3	2.03 MiB	2008-07-21 16:41:51
CTNdA#17	Mondo Caldi Di Notte/06 Stop Lion Stop.mp3	2.47 MiB	2008-07-21 16:39:48
CTNdA#17	Mondo Caldi Di Notte/07 Luna d'Estate.mp3	2.1 MiB	2008-07-21 16:42:25
CTNdA#17	Mondo Caldi Di Notte/08 Paura dell'Ignoto.mp3	2.02 MiB	2008-07-21 16:40:53
CTNdA#17	Mondo Caldi Di Notte/09 Isocronismo In Fa.mp3	1.85 MiB	2008-07-21 16:39:41
CTNdA#17	Mondo Caldi Di Notte/10 That Latin Feeling.mp3	2.43 MiB	2008-07-21 16:42:26
CTNdA#17	Mondo Caldi Di Notte/11 Afro Mood.mp3	1.94 MiB	2008-07-21 16:42:00
CTNdA#17	Mondo Caldi Di Notte/12 Suoni Di Coreografia.mp3	1.52 MiB	2008-07-21 16:41:57
CTNdA#17	Mondo Caldi Di Notte/13 Ombre Nascoste.mp3	2 MiB	2008-07-21 16:41:16
CTNdA#17	Mondo Caldi Di Notte/14 Interludio Cubano.mp3	1.51 MiB	2008-07-21 16:42:11
CTNdA#17	Mondo Caldi Di Notte/15 Passione Incas.mp3	2.48 MiB	2008-07-21 16:41:40
CTNdA#17	Mondo Caldi Di Notte/16 Ricordo Di Vanessa.mp3	2.38 MiB	2008-07-21 16:41:29
CTNdA#17	Mondo Caldi Di Notte/17 Vertigine Blu.mp3	2.1 MiB	2008-07-21 16:41:08
CTNdA#17	Mondo Caldi Di Notte/18 Ballata Messicana.mp3	2.21 MiB	2008-07-21 16:41:13
CTNdA#17	Mondo Caldi Di Notte/19 Incontro Inatteso.mp3	955.88 KiB	2008-07-21 16:41:59
CTNdA#17	Mondo Caldi Di Notte/20 Incubo Di Bongos.mp3	3.05 MiB	2008-07-21 16:41:26
CTNdA#17	Mondo Caldi Di Notte/21 Eclisse Indigo.mp3	2.84 MiB	2008-07-21 16:41:47
CTNdA#17	Mondo Caldi Di Notte/22 Citta Al Neon.mp3	1.68 MiB	2008-07-21 16:42:15
CTNdA#17	Mondo Caldi Di Notte/23 Con Quelle Gambe Che.mp3	2.39 MiB	2008-07-21 16:41:05
CTNdA#17	Mondo Caldi Di Notte/24 Su, Su Nel Cielo.mp3	2.79 MiB	2008-07-21 16:41:52
CTNdA#17	VA - Mondo Hysterico vol.1.2.3/va-mondo hysterico vol.1/01 - johnny mondo - yuri gagarin.mp3	3.33 MiB	2007-12-29 22:35:19
CTNdA#17	VA - Mondo Hysterico vol.1.2.3/va-mondo hysterico vol.1/02 - louis romano - tiger twist.mp3	2.65 MiB	2007-12-29 22:35:00
CTNdA#17	VA - Mondo Hysterico vol.1.2.3/va-mondo hysterico vol.1/03 - i nobili - non si sa.mp3	2.58 MiB	2007-12-29 22:35:15
CTNdA#17	VA - Mondo Hysterico vol.1.2.3/va-mondo hysterico vol.1/04 - roby valente - russo cha cha cha.mp3	4.32 MiB	2007-12-29 22:35:03
CTNdA#17	VA - Mondo Hysterico vol.1.2.3/va-mondo hysterico vol.1/05 - clem sacco - il deficiente.mp3	2.97 MiB	2007-12-29 22:37:06
CTNdA#17	VA - Mondo Hysterico vol.1.2.3/va-mondo hysterico vol.1/06 - pino vinci - tutti frutti.mp3	2.31 MiB	2007-12-29 22:36:42
CTNdA#17	VA - Mondo Hysterico vol.1.2.3/va-mondo hysterico vol.1/07 - dino cabano - jailhouse rock.mp3	2.97 MiB	2007-12-29 22:31:51
CTNdA#17	VA - Mondo Hysterico vol.1.2.3/va-mondo hysterico vol.1/08 - giulio & his guitar - medley ok.mp3	5.01 MiB	2007-12-29 22:34:20
CTNdA#17	VA - Mondo Hysterico vol.1.2.3/va-mondo hysterico vol.1/09 - bruno billy & i 4 - dammi del cous cous	3.77 MiB	2007-12-29 22:34:32
CTNdA#17	VA - Mondo Hysterico vol.1.2.3/va-mondo hysterico vol.1/10 - i jolly - margaritha.mp3	2.55 MiB	2007-12-29 22:34:32
CTNdA#17	VA - Mondo Hysterico vol.1.2.3/va-mondo hysterico vol.1/11 - i clowns - sono tutto scemo.mp3	3.18 MiB	2007-12-29 22:36:32
CTNdA#17	VA - Mondo Hysterico vol.1.2.3/va-mondo hysterico vol.1/12 - il piccolo carlo cariola - se non mi dai	2.69 MiB	2007-12-29 22:31:37
CTNdA#17	VA - Mondo Hysterico vol.1.2.3/va-mondo hysterico vol.1/13 - jerry e i milanisti - milan twist.mp3	3.04 MiB	2007-12-29 22:38:05
CTNdA#17	VA - Mondo Hysterico vol.1.2.3/va-mondo hysterico vol.1/14 - i crociati - milano.mp3	4.36 MiB	2007-12-29 22:32:01
CTNdA#17	VA - Mondo Hysterico vol.1.2.3/va-mondo hysterico vol.1/15 - luciano novesi - il mondo non finera.mp3	3.16 MiB	2007-12-29 22:33:59
CTNdA#17	VA - Mondo Hysterico vol.1.2.3/va-mondo hysterico vol.1/16 - i nordisti - non m'ami piu.mp3	3.13 MiB	2007-12-29 22:38:20
CTNdA#17	VA - Mondo Hysterico vol.1.2.3/va-mondo hysterico vol.1/mondo hysterico vol. 1 back.jpg	675.49 KiB	2007-12-29 22:34:57
CTNdA#17	VA - Mondo Hysterico vol.1.2.3/va-mondo hysterico vol.1/mondo hysterico vol. 1 front.jpg	860.58 KiB	2007-12-29 22:37:45
CTNdA#17	VA - Mondo Hysterico vol.1.2.3/va-mondo hysterico vol.2/01- clem sacco's trio - baciami la vena	3.3 MiB	2007-12-29 22:37:22
CTNdA#17	VA - Mondo Hysterico vol.1.2.3/va-mondo hysterico vol.2/02 - spero e i crazy boys - muchela dracula.mp3	3.59 MiB	2007-12-29 22:38:29
CTNdA#17	VA - Mondo Hysterico vol.1.2.3/va-mondo hysterico vol.2/03 - i dinamici - lucille.mp3	4.41 MiB	2007-12-29 22:32:21
CTNdA#17	VA - Mondo Hysterico vol.1.2.3/va-mondo hysterico vol.2/04 - peppe er faticone - ali mu e tacci tu.mp3	3.33 MiB	2007-12-29 22:37:28
CTNdA#17	VA - Mondo Hysterico vol.1.2.3/va-mondo hysterico vol.2/05 - i freddies - cosa t'ha fatto bobby?.mp3	3.63 MiB	2007-12-29 22:36:03
CTNdA#17	VA - Mondo Hysterico vol.1.2.3/va-mondo hysterico vol.2/06 - fred bullo e i dannati - l'urlo del	3.24 MiB	2007-12-29 22:37:34
CTNdA#17	VA - Mondo Hysterico vol.1.2.3/va-mondo hysterico vol.2/07 - carlo morino & his messengers - be bop a	3.53 MiB	2007-12-29 22:37:34
CTNdA#17	VA - Mondo Hysterico vol.1.2.3/va-mondo hysterico vol.2/08 - jerry e i milanisti - rivera cha cha	3.37 MiB	2007-12-29 22:33:14
CTNdA#17	VA - Mondo Hysterico vol.1.2.3/va-mondo hysterico vol.2/09 - ergastolani - pipeline.mp3	3.75 MiB	2007-12-29 22:38:29
CTNdA#17	VA - Mondo Hysterico vol.1.2.3/va-mondo hysterico vol.2/10 - i 4 satelliti - hava naguila.mp3	3.29 MiB	2007-12-29 22:35:37
CTNdA#17	VA - Mondo Hysterico vol.1.2.3/va-mondo hysterico vol.2/11 - maremoto - ghibli.mp3	2.53 MiB	2007-12-29 22:37:20
CTNdA#17	VA - Mondo Hysterico vol.1.2.3/va-mondo hysterico vol.2/12 - clem sacco e i suoi califfi - african	3.6 MiB	2007-12-29 22:37:54
CTNdA#17	VA - Mondo Hysterico vol.1.2.3/va-mondo hysterico vol.2/13 - i dinamici - guitar twist.mp3	4.07 MiB	2007-12-29 22:38:36
CTNdA#17	VA - Mondo Hysterico vol.1.2.3/va-mondo hysterico vol.2/14 - i freddies - sagittarius.mp3	4.4 MiB	2007-12-29 22:36:25
CTNdA#17	VA - Mondo Hysterico vol.1.2.3/va-mondo hysterico vol.2/15 - i rangers - la citt? sommersa.mp3	4.48 MiB	2007-12-29 22:37:41
CTNdA#17	VA - Mondo Hysterico vol.1.2.3/va-mondo hysterico vol.2/16 - andrea rosi e il suo complesso - la	3.93 MiB	2007-12-29 22:32:50
CTNdA#17	VA - Mondo Hysterico vol.1.2.3/va-mondo hysterico vol.2/mondo hysterico vol. 2 back.jpg	2.25 MiB	2007-12-29 22:38:44
CTNdA#17	VA - Mondo Hysterico vol.1.2.3/va-mondo hysterico vol.2/mondo hysterico vol. 2 front.jpg	2 MiB	2007-12-29 22:35:24
CTNdA#17	VA - Mondo Hysterico vol.1.2.3/va-mondo hysterico vol.3/01 - kronos - cadavere spaziale.mp3	3.53 MiB	2007-12-29 22:36:47
CTNdA#17	VA - Mondo Hysterico vol.1.2.3/va-mondo hysterico vol.3/02 - roberto sanguanini - i go ape.mp3	3.23 MiB	2007-12-29 22:31:53
CTNdA#17	VA - Mondo Hysterico vol.1.2.3/va-mondo hysterico vol.3/03 - the jaguars - eroina.mp3	3.18 MiB	2007-12-29 22:38:12
CTNdA#17	VA - Mondo Hysterico vol.1.2.3/va-mondo hysterico vol.3/04 - riccardo e i beat mann - skinni minni.mp3	4.06 MiB	2007-12-29 22:38:23
CTNdA#17	VA - Mondo Hysterico vol.1.2.3/va-mondo hysterico vol.3/05 - luciano naldi & group - una cosa	2.85 MiB	2007-12-29 22:37:12
CTNdA#17	VA - Mondo Hysterico vol.1.2.3/va-mondo hysterico vol.3/06 - franco baldi - capanta party.mp3	5.07 MiB	2007-12-29 22:38:44
CTNdA#17	VA - Mondo Hysterico vol.1.2.3/va-mondo hysterico vol.3/07 - i latini - habibi twist.mp3	4.57 MiB	2007-12-29 22:38:13
CTNdA#17	VA - Mondo Hysterico vol.1.2.3/va-mondo hysterico vol.3/08 - i pyranas - alexander.mp3	3.17 MiB	2007-12-29 22:36:57
CTNdA#17	VA - Mondo Hysterico vol.1.2.3/va-mondo hysterico vol.3/09 - gigi pay - vuoi guidare sempre tu.mp3	2.96 MiB	2007-12-29 22:37:38
CTNdA#17	VA - Mondo Hysterico vol.1.2.3/va-mondo hysterico vol.3/10 - nando star - bikini e tamur?.mp3	3.22 MiB	2007-12-29 22:36:58
CTNdA#17	VA - Mondo Hysterico vol.1.2.3/va-mondo hysterico vol.3/11 - franchino e i dottori - elettrico.mp3	3.6 MiB	2007-12-29 22:30:48
CTNdA#17	VA - Mondo Hysterico vol.1.2.3/va-mondo hysterico vol.3/12 - the new rangers - weekend.mp3	2.5 MiB	2007-12-29 22:33:45
CTNdA#17	VA - Mondo Hysterico vol.1.2.3/va-mondo hysterico vol.3/13 - gli angioletti - hava naguila.mp3	2.97 MiB	2007-12-29 22:35:55
CTNdA#17	VA - Mondo Hysterico vol.1.2.3/va-mondo hysterico vol.3/14 - i baronetti - isola souvenir.mp3	3.45 MiB	2007-12-29 22:38:22
CTNdA#17	VA - Mondo Hysterico vol.1.2.3/va-mondo hysterico vol.3/15 - lori loria - la nipote di christine.mp3	4.86 MiB	2007-12-29 22:37:55
CTNdA#17	VA - Mondo Hysterico vol.1.2.3/va-mondo hysterico vol.3/16 - clem sacco e i suoi califfi - chunga	3.12 MiB	2007-12-29 22:38:00
CTNdA#17	VA - Mondo Hysterico vol.1.2.3/va-mondo hysterico vol.3/mondo hysterico vol.3 back.jpg	2.48 MiB	2007-12-29 22:36:11
CTNdA#17	VA - Mondo Hysterico vol.1.2.3/va-mondo hysterico vol.3/mondo hysterico vol.3 front.jpg	2.06 MiB	2007-12-29 22:33:58
CTNdA#18	Decameron No. 4 - Le belle novelle di Boccaccio (1972).avi	770.71 MiB	2008-08-15 17:30:20
CTNdA#18	Finalmente... le mille e una notte (1972).avi	883.26 MiB	2008-08-07 22:25:24
CTNdA#18	Joe D'Amato-Novelle licenziose di vergini vogliose (1973).avi	699.78 MiB	2008-08-15 23:14:42
CTNdA#18	L'isola degli uomini pesce.avi	1137.45 MiB	2008-08-12 15:29:05
CTNdA#18	Mondo di notte oggi.avi	699.77 MiB	2008-08-15 17:08:36
CTNdA#19	Antonio Margheriti - Contronatura [DivX 704x328 DVD] (1969) [ITA].avi	705.38 MiB	2008-09-05 22:32:52
CTNdA#19	Film - Dvx Ita - Quella Villa Accanto Al Cimitero - Horror.avi	674.5 MiB	2008-04-17 22:12:14
CTNdA#19	Joe D'amato Totally Uncut (Vers Inedita 108Min).avi	708.91 MiB	2007-07-16 01:02:36
CTNdA#19	Lorenzo.Onorati.-.1984.-.Sesso.Delirio.avi.avi	703.35 MiB	2008-08-23 15:37:35
CTNdA#19	Nosferatu A Venezia.avi	703.48 MiB	2008-04-05 13:30:44
CTNdA#19	Zombi 3 Lucio Fulci 1988.avi	701.97 MiB	2008-04-18 18:03:36
CTNdA#20	Dick Smart 2.007.avi	1292.16 MiB	2008-09-19 03:16:01
CTNdA#20	Inghilterra.Nuda.Naked.England.1969.DVDRip.XviD.avi	746.26 MiB	2008-09-15 14:12:34
CTNdA#20	Karzan contro le donne dal seno nudo.avi	700.03 MiB	2008-09-14 21:33:02
CTNdA#20	Mr Superinvisible.avi	697.9 MiB	2008-09-14 21:08:16
CTNdA#20	Virus.avi	786.28 MiB	2008-09-15 14:50:38
CTNdA#21	1976 Sexy Jeans (Massacre at Central High) - Rene Daalder - (ITA VHSRIP In_humanity).avi	790.97 MiB	2008-08-22 14:11:49
CTNdA#21	Beatrice Cenci (L.Fulci).avi	799.71 MiB	2008-02-23 18:56:36
CTNdA#21	Daniela Mini-Slip (S. Bergonzelli 1978) VHS-Rip by Nameless.avi	698.03 MiB	2008-12-19 00:39:34
CTNdA#21	Stracultsat.Cinema.Giallo&Horror/Stracultsat.Cinema.Giallo.avi	352.29 MiB	2008-12-22 20:52:19
CTNdA#21	Stracultsat.Cinema.Giallo&Horror/StracultSat.Cinema.Horror.avi	347.21 MiB	2008-12-22 20:52:11
CTNdA#21	Svezia, Inferno e Paradiso.avi	700.15 MiB	2008-09-18 22:04:16
CTNdA#21	Wild Beasts - Belve Feroci [1983] (F.Prosperi).avi	691.67 MiB	2007-01-23 18:45:02
CTNdA#22	Il.Vicino.di.Casa.(Luigi.Cozzi,1973)-XviD.IT/Il.Vicino.di.Casa.(Luigi.Cozzi,1973)-XviD.IT.avi	349.91 MiB	2008-11-07 21:54:14
CTNdA#22	Il.Vicino.di.Casa.(Luigi.Cozzi,1973)-XviD.IT/Il.Vicino.di.Casa.(Luigi.Cozzi,1973)-XviD.IT.En.srt	21.86 KiB	2008-11-07 21:38:25
CTNdA#22	La Iena (1997) Vhs-Rip By Davide466.avi	699.68 MiB	2008-11-08 03:36:06
CTNdA#22	La.Donna.Lupo.1999.DVDRip.DivX.MP3.[Italian]/La.Donna.Lupo.1999.DVDRip.DivX.MP3.[Italian].avi	698.57 MiB	2008-10-28 16:00:39
CTNdA#22	La.Donna.Lupo.1999.DVDRip.DivX.MP3.[Italian]/La.Donna.Lupo.1999.DVDRip.DivX.MP3.[Italian].jpg	359.08 KiB	2008-10-28 15:59:59
CTNdA#22	La.Donna.Lupo.1999.DVDRip.DivX.MP3.[Italian]/La.Donna.Lupo.1999.DVDRip.DivX.MP3.[Italian].txt	1.03 KiB	2008-10-28 15:59:59
CTNdA#22	La.Notte.Dei.Dannati.1971.VHSRip.XViD-AnF/La.Notte.Dei.Danatti.1971.VHSRip.XViD-AnF.avi	897.9 MiB	2008-10-30 10:12:02
CTNdA#22	La.Notte.Dei.Dannati.1971.VHSRip.XViD-AnF/La.Notte.Dei.Danatti.1971.VHSRip.XViD-AnF.srt	39.24 KiB	2008-10-28 16:24:20
CTNdA#22	La.Notte.Dei.Dannati.1971.VHSRip.XViD-AnF/Subs/La.Notte.Dei.Danatti.1971.VHSRip.XViD-AnF.rar	14.93 KiB	2008-10-28 16:24:20
CTNdA#22	Le Avventure Straordinarissime Di Saturnino Farandola.avi	474.31 MiB	2008-11-03 18:20:12
CTNdA#22	Peccato di Lola, Il (1985).avi	698.6 MiB	2008-10-28 17:05:18
CTNdA#23	1963 - La Donna Nel Mondo [DVDRip DivX MP3 ITA].avi	700.58 MiB	2008-11-10 11:44:00
CTNdA#23	1975 - Magia Nuda [VHSRip DivX - ITA MP3].avi	672.92 MiB	2008-11-11 17:19:55
CTNdA#23	1975 - Ultime Grida Dalla Savana [VHSRip-XVID-ITA MP3].avi	1252.8 MiB	2008-11-10 10:25:43
CTNdA#23	Anabolyzer.xvid.DVDRip.by.davide466/Anabolyzer.xvid.DVDRip.by.davide466.avi	700.4 MiB	2008-11-08 14:14:40
CTNdA#23	Anabolyzer.xvid.DVDRip.by.davide466/Anabolyzer.xvid.DVDRip.by.davide466.srt	34.59 KiB	2008-11-08 13:39:50
CTNdA#23	Blue Nude.1977.VHSRip.SlimySINema.CG.avi	699.84 MiB	2008-11-09 11:02:07
CTNdA#24	Eva Man_ (1980).avi	1450.22 MiB	2008-11-28 05:18:57
CTNdA#24	La.Transgressione-scottfm[CG].avi	896.12 MiB	2008-12-15 11:47:29
CTNdA#24	Omicidio al Telefono/telefono-cg.avi	428.41 MiB	2008-11-28 13:51:53
CTNdA#24	Puma Man (1980) GUNBAYvhsrip.avi	748.81 MiB	2008-11-28 04:05:24
CTNdA#24	The True Story of the Nun of Monza (1980).mikeytheman.avi	698.95 MiB	2008-11-25 03:29:30
CTNdA#25	Appuntamento In Nero (Antonio Bonifacio, 1990) - Mireille Banthy, Andy J Forest, Mary Lindstrom, Da.avi	700.03 MiB	2009-01-19 08:42:36
CTNdA#25	Delitti e Profumi.avi	662.74 MiB	2009-01-19 21:52:01
CTNdA#25	Delizia (Joe D'Amato) 1987.avi	698.89 MiB	2009-01-16 15:55:04
CTNdA#25	L'Osceno Desiderio - (Giulio Petroni) (1978) ITA.avi	689.42 MiB	2009-01-19 21:43:20
CTNdA#25	Nove ospiti per un delitto.avi	693.01 MiB	2009-01-19 19:12:08
CTNdA#25	tango_blu_1987_vhsrip_xvid_cg.avi	1015.16 MiB	2009-01-19 02:48:46
CTNdA#26	Bad.Brains.2007.iTALiAN.DVDRip.EvOlUtIoN.avi	686.76 MiB	2009-01-27 11:00:35
CTNdA#26	Il solco di pesca (1975)/Il solco di pesca (1975).avi	746.46 MiB	2009-02-09 21:21:21
CTNdA#26	Il solco di pesca (1975)/Il solco di pesca (1975).idx	44.26 KiB	2009-02-09 20:50:27
CTNdA#26	Il solco di pesca (1975)/Il solco di pesca (1975).sub	4.55 MiB	2009-02-09 21:09:28
CTNdA#26	L'Invincibile Superman - superargo.avi	698.92 MiB	2009-02-09 22:56:08
CTNdA#26	ltdp.2006.dvdrip.xvid-chef .avi	350.18 MiB	2009-02-09 20:36:37
CTNdA#26	Lugosi.Hollywood's.Dracula.2000.DVDRip.XviD.J55/Lugosi.Hollywood's.Dracula.2000.DVDRip.XviD.J55.avi	696.09 MiB	2009-02-09 21:39:32
CTNdA#26	StracultSat - Il Poliziottesco.avi	348.89 MiB	2009-01-26 13:24:23
CTNdA#26	Suggestionata (Alfredo Rizzo 1978 Italia).avi	599.66 MiB	2009-02-10 12:51:46
CTNdA#27	(1970) NP - Il segreto.avi	1063.88 MiB	2009-02-17 13:25:52
CTNdA#27	Dal nostro inviato a Copenaghen.avi	699.55 MiB	2009-02-11 23:38:44
CTNdA#27	L'altra faccia del padrino.avi	697.23 MiB	2009-02-16 12:40:34
CTNdA#27	LSD Inferno.avi	699.8 MiB	2009-02-11 15:29:23
CTNdA#27	Roma contro Roma - War of the Zombies (G.Vari 1964) DVDMux.avi	699.13 MiB	2009-02-17 17:48:55
CTNdA#28	1984 - Nudo e Crudele [DVDRip DivX - ITA MP3].avi	1376.18 MiB	2009-02-18 22:26:43
CTNdA#28	Biancaneve & co.avi	1296.85 MiB	2009-02-23 00:24:39
CTNdA#28	FFSS cio? che mi hai portato a fare sopra Posillipo se non mi vuoi pi? bene.avi	654.28 MiB	2009-02-20 17:46:40
CTNdA#28	LSD Inferno.avi	699.8 MiB	2009-02-11 15:29:23
CTNdA#29	3 supermen contro il padrino.avi	701.91 MiB	2009-02-25 03:35:23
CTNdA#29	3 Supermen in Santo Domingo.avi	701.5 MiB	2009-02-25 03:39:42
CTNdA#29	3_SUPERMEN_A_TOKIO.AVI	701.16 MiB	2009-02-24 21:11:36
CTNdA#29	CHE_FANNO_I_NOSTRI_SUPERMEN.AVI	700.15 MiB	2009-02-24 21:09:32
CTNdA#29	Crash Che Botte! Strippo Strappo Stroppio.avi	700.48 MiB	2009-02-25 03:28:46
CTNdA#29	I_FANTASTICI_TRE_SUPERMEN.AVI	702.38 MiB	2009-02-24 21:11:18
CTNdA#30	7.Donne.D'Oro.Contro.Due.07.1967.TVRip.XViD-AnF.avi	1360.85 MiB	2009-03-04 02:02:49
CTNdA#30	E Cos? Divennero I 3 Supermen Del West.avi	700.2 MiB	2009-02-25 03:06:33
CTNdA#30	Frankenstein Italian Style (1975) GUNBAYvhsrip~CG.avi	848.79 MiB	2009-03-03 08:08:52
CTNdA#30	Zorro Contro Maciste.1963.DVDRip.XviD-CG.avi	1499.77 MiB	2009-03-08 04:17:18
CTNdA#31	_DIVX___ITA__IO_ZOMBO__TU_Z.AVI	642.33 MiB	2009-03-12 12:37:06
CTNdA#31	[ITA] - La locandiera - Adriano Celentano, Paolo Villaggio e Claudia Mori - 1981.avi	796.4 MiB	2009-04-06 20:04:53
CTNdA#31	DEMONS_5_1989_VHSRIP_XVID_C.AVI	949.03 MiB	2009-04-03 12:21:31
CTNdA#31	L_AMANTE_DEL_DEMONIO.AVI	964.42 MiB	2009-03-13 17:17:25
CTNdA#31	The Tomb (La Tomba).avi	697.16 MiB	2009-04-04 15:29:20
CTNdA#32	Hanno cambiato faccia (C. Farina 1971) Uncut.avi	697.01 MiB	2008-08-24 04:15:55
CTNdA#32	La Clinica dell'amore (1976).avi	774.33 MiB	2009-01-07 20:25:30
CTNdA#32	Lucio.Fulci.-.Murderock.(1984).avi	688.26 MiB	2004-06-20 07:55:28
CTNdA#32	Sesso Acerbo (Joe D'Amato 1981).avi	728.27 MiB	2009-01-11 00:57:35
CTNdA#32	Snuff.avi	250.46 MiB	2008-10-08 12:35:27
CTNdA#32	the porno shop on 7th ave.avi	699.85 MiB	2009-01-10 17:54:33
CTNdA#33	EROINA__M__PIRRI_1980__UNCU.AVI	700.33 MiB	2009-04-12 18:02:55
CTNdA#33	IL_GIRO_DEL_MONDO_DEGLI_INN.AVI	712.45 MiB	2009-03-17 19:33:08
CTNdA#33	IL_PELO_NEL_MONDO___MONDO_I.AVI	700.18 MiB	2009-04-12 13:59:28
CTNdA#33	Incontri.molto.ravvicinati.del.4.tipo.1978.VHSRip.XviD-KiNO-CG.avi	1479.06 MiB	2009-10-02 13:29:26
CTNdA#33	TORINO_CENTRALE_DEL_VIZIO_U.AVI	744.54 MiB	2009-04-12 14:58:10
CTNdA#34	L_ULTIMO_S_O_S_AKA_ENCOUNT.DIVX	554.07 MiB	2009-04-26 15:19:53
CTNdA#34	L'imperatore di Roma (Nico D'Alessandria).avi	700.69 MiB	2009-05-08 07:43:00
CTNdA#34	PAURA_NELLA_CITTA_DEI_MORTI_VIV/PAURA_NELLA_CITTA_DEI_MORTI.AVI	951.88 MiB	2009-04-14 23:03:38
CTNdA#34	PAURA_NELLA_CITTA_DEI_MORTI_VIV/PAURA_NELLA_CITTA_DEI_MORTI.SRT	52.13 KiB	2009-04-14 18:48:02
CTNdA#34	SETE_DA_VAMPIRA_1998/SETE_DA_VAMPIRA_1998.AVI	700 MiB	2009-04-26 15:56:30
CTNdA#34	SUPERUOMINI__SUPERDONNE__SUPERB/AMAZONS_AND_SUPERMEN_TRAILE.AVI	36.35 MiB	2009-04-29 08:44:19
CTNdA#34	SUPERUOMINI__SUPERDONNE__SUPERB/SUPERUOMINI__SUPERDONNE__SU	1169.32 MiB	2009-04-29 08:44:19
CTNdA#35	(Doc) Sesso In Confessionale (Vittorio De Sisti 1974) Vhs-Rip By Nameless.avi	697.8 MiB	2009-05-10 02:07:58
CTNdA#35	Il.Potere.(Augusto.Tretti.1972)TVRip.avi	658.51 MiB	2009-05-09 08:40:25
CTNdA#35	La mazurka del barone, della santa e del fico fiorone (1975, Pupi Avati).avi	701.38 MiB	2009-05-10 21:56:38
CTNdA#35	Miracoloni-1981-Nadia Cassini,Ania Pieroni,Moana Pozzi,Bombolo,F Oppini,U Smaila,F Salvi-Vhsrip7.avi	638.84 MiB	2009-04-15 08:55:34
CTNdA#35	Nero Veneziano/English Audio/Damned in Venice (English audio track).mp3	80.73 MiB	2009-05-06 06:48:31
CTNdA#35	Nero Veneziano/Nero Veneziano (1978)-CG.avi	1398.12 MiB	2009-05-06 06:48:32
CTNdA#35	Nero Veneziano/Nero Veneziano (1978)-CG.srt	58.72 KiB	2009-05-06 06:47:37
CTNdA#36	A008_operazione_sterminio/operazione_sterminio.mp4	1401.86 MiB	2009-05-11 18:27:02
CTNdA#36	Amore.tossico Xvid [sat- rip-ita].avi	695.1 MiB	2009-05-12 21:52:29
CTNdA#36	Arpie (Fabio Salerno).divx	230.49 MiB	2009-05-12 20:14:43
CTNdA#36	DeGenerazione.avi	896.55 MiB	2009-05-12 17:14:34
CTNdA#36	Dimensione Violenza (M. Mora 1984) VHS-Rip by Nameless.avi	700 MiB	2009-05-13 00:56:30
CTNdA#37	Alcool (Augusto Tretti,1980).avi	697.24 MiB	2009-05-13 17:13:42
CTNdA#37	Mondo Cane Collection/1962 - Mondo Cane [VHSRip DivX ITA MP3].avi	693.51 MiB	2009-05-15 16:00:48
CTNdA#37	Mondo Cane Collection/1964 - Mondo Cane 2 [DVDRip xvid ITA MP3].avi	700.21 MiB	2009-05-16 20:08:25
CTNdA#37	Mondo Cane Collection/1986 - Mondo Cane Oggi L' Orrore Continua [DVDRip Divx ITA MP3].avi	669.92 MiB	2009-05-15 15:49:03
CTNdA#37	Mondo Cane Collection/1988 - Mondo Cane 2000 L' Incredibile [VHSRip Divx ITA MP3].avi	673.73 MiB	2009-05-15 20:50:05
CTNdA#37	Tomboy - Sesso Inferno E Paradiso (Claudio Racca 1977) Shock Documentary Vhs-Rip By Nameless.avi	699.46 MiB	2009-05-17 12:26:49
CTNdA#38	Horror - Il Cane Infernale (C Harrington, Horror 1978) Vhs Rip.avi	691.86 MiB	2009-05-15 23:00:59
CTNdA#38	Leopoldo Savona.(1972).Byleth the Demon of Incest/Leopoldo Savona.(1972).Byleth the Demon of Incest.avi	700.01 MiB	2009-05-19 16:14:10
CTNdA#38	Starcrash (1978) Drone139x-CG/Starcrash (1978) Drone139x-CG.mkv	1495.45 MiB	2009-05-22 11:55:01
CTNdA#38	Starcrash (1978) Drone139x-CG/Starcrash Luigi Cozzi Interview.avi	371.57 MiB	2009-05-22 12:01:32
CTNdA#38	Starcrash (1978) Drone139x-CG/Starcrash making Of.avi	808.75 MiB	2009-05-22 12:01:50
CTNdA#38	Starcrash (1978) Drone139x-CG/Starcrash Trailer.avi	29.28 MiB	2009-05-22 04:36:22
CTNdA#39	[Divx - ITA] Dracula Contro Zombi - Zoltan il cane di Dracula (Albert Band 1978) DVD-Rip Mux by Nam.avi	1446.73 MiB	2009-05-18 05:48:30
CTNdA#39	Addio Ultimo Uomo.avi	699.03 MiB	2009-05-31 04:24:38
CTNdA#39	Bermude-La Fossa Maledetta.divx	732.38 MiB	2009-05-31 11:08:03
CTNdA#39	Kyra - La signora del lago - Sensitivit? (1979, Enzo G. Castellari).avi	671.18 MiB	2009-05-18 07:14:58
CTNdA#39	ROBOWAR - ROBOT DA GUERRA (Fantascienza 1988) VHS-Rip by Nameless.avi	699.78 MiB	2009-05-25 16:15:44
CTNdA#40	[DivX - ITA] Mondo pazzo gente matta 1965.avi	743.66 MiB	2009-05-28 18:21:00
CTNdA#40	[DivX.-.ITA].horror.1987.Dolls.(stuart-gordon).avi	696.61 MiB	2009-06-06 02:57:49
CTNdA#40	Ria De Simone - Alessia...un Vulcano Sotto la Pelle (A. Rizzo 1978).mpg	698.08 MiB	2009-06-04 09:47:25
CTNdA#40	Thomas...Gli Indemoniati (P. Avati 1970) Pellicola.avi	798.86 MiB	2009-05-28 02:09:31
CTNdA#40	Un.Gatto.nel.Cervello.1990.DVDRIP.XViD-CG.avi	1493.77 MiB	2009-06-05 22:46:29
CTNdA#41	[XviD - Ita] Spettri (1987, Marcello Avallone - Donald Pleasence) Uncut - DVD-Rip mux by quetz.avi	671.39 MiB	2009-06-10 01:41:51
CTNdA#41	Atti impuri all'italiana (1976, Oscar Brazzi).avi	656.72 MiB	2009-06-08 05:59:08
CTNdA#41	Hypnos follia di un massacro - Paolo Bianchini - 1967 (ITA VHSRIP In_humanity).avi	706.08 MiB	2009-06-08 18:41:35
CTNdA#41	Il Belpaese - (Luciano Salce, con Paolo Villaggio,Silvia Dionisio).avi	693.93 MiB	2009-06-09 19:37:14
CTNdA#41	Osceno [1987, Karin Schubert, Marina Lotar, by Antonio d'Agostino as Richard Bennett].avi	698.53 MiB	2009-06-10 01:18:26
CTNdA#41	Umano Non Umano(1972).avi	751.06 MiB	2009-06-06 21:06:11
CTNdA#42	2019_DOPO_LA_CADUTA_DI_NEW_YORK.avi	1147.45 MiB	2009-06-16 13:04:49
CTNdA#42	La ragazza di latta (1970, Marcello Aliprandi).avi	745.92 MiB	2009-06-11 06:05:41
CTNdA#42	La.montagna.di.luce.1965.DVDRip.XViD-CG.avi	1120 MiB	2009-05-25 01:07:15
CTNdA#42	Natura Contro - Cannibal Holocaust 2.avi	701.51 MiB	2009-06-12 04:00:54
CTNdA#42	Ultimo Mondo Cannibale .avi	700.12 MiB	2009-06-13 01:50:23
CTNdA#43	[DivX - ITA subs ENG] L'altrove - The darkness beyond (Ivan Zuccon,2000).avi	689.61 MiB	2009-06-19 17:52:58
CTNdA#43	I Nuovi Barbari (E G Castellari 1982) Vhsrip By Nameless.avi	790.94 MiB	2009-06-16 14:20:29
CTNdA#43	I Predatori dell'anno Omega.avi	952.56 MiB	2009-06-19 03:28:49
CTNdA#43	Maelstrom - Il Figlio dell'altrove (Ivan Zuccon 2001).avi	675.73 MiB	2009-06-17 00:02:21
CTNdA#43	Sangraal - La Spada di Fuoco.avi	699.34 MiB	2009-06-19 07:15:41
CTNdA#44	Africa Dolce E Selvaggia.avi	699.98 MiB	2009-06-21 19:04:35
CTNdA#44	Aladins Abenteuer (Le Meraviglie di Aladino).avi	700 MiB	2009-06-21 00:29:10
CTNdA#44	Cicciabomba - Donatella Rettore.avi	694.31 MiB	2009-06-16 23:09:32
CTNdA#44	Joe_D'amato.-.Ator.l'invincibile.2.(Sci-Fi.1984).Dual_Eng_._Ita_Uncut.avi	829.14 MiB	2009-06-19 22:15:45
CTNdA#44	La Bestia nello Spazio (1980) Drone139x-CG/Beast in Space (1980) Drone139x-CG.idx	28.95 KiB	2009-06-20 03:42:21
CTNdA#44	La Bestia nello Spazio (1980) Drone139x-CG/Beast in Space (1980) Drone139x-CG.mkv	1316.74 MiB	2009-06-21 07:45:09
CTNdA#44	La Bestia nello Spazio (1980) Drone139x-CG/Beast in Space (1980) Drone139x-CG.sub	2.68 MiB	2009-06-21 06:09:38
CTNdA#44	La Bestia nello Spazio (1980) Drone139x-CG/Extras/Beast in Space (1980) Extras 1.avi	35.08 MiB	2009-06-21 07:00:26
CTNdA#44	La Bestia nello Spazio (1980) Drone139x-CG/Extras/Beast in Space (1980) Extras 2.avi	44.71 MiB	2009-06-21 07:45:09
CTNdA#45	ATOR IL GUERRIERO DI FERRO (Avventura - Alfonso Brescia 1987) VHS-Rip by Nameless.avi	699.81 MiB	2009-06-25 09:16:22
CTNdA#45	SIMONETTI_HORROR_PROJECT.avi	900.52 MiB	2009-06-25 17:19:28
CTNdA#45	Thor il conquistatore - Tonino Ricci - 1982 (ITA VHSRIP In_humanity).avi	690.35 MiB	2009-06-27 13:17:03
CTNdA#45	White_Pop_Jesus_CG.avi	1120.43 MiB	2009-06-27 05:14:00
CTNdA#46	[DivX - ITA] Gungala la vergine della giungla 1967 (kitty Swan) by Basram.avi	796.08 MiB	2009-07-14 21:18:07
CTNdA#46	Il Saprofita - Sergio Nasca - 1973 - Al Cliver, Janet Agren (ITA VHSRIP In_humanity).avi	700.25 MiB	2009-07-14 21:18:05
CTNdA#46	Zines Part 2/Banned In Britain/Banned In Britain #2 c2c 2004 Crapscans.cbr	15.89 MiB	2009-07-10 13:41:17
CTNdA#46	Zines Part 2/Blood & Black Lace/Blood & Black Lace - The Definitive Guide to Italian Sex and Horror	91.3 MiB	2009-07-10 13:42:34
CTNdA#46	Zines Part 2/Boom/Boom #1(toecutter).cbr	6.24 MiB	2009-07-10 13:41:52
CTNdA#46	Zines Part 2/Dead On Arrival/Dead On Arrival #3(toecutter).cbr	5.73 MiB	2009-07-10 13:41:52
CTNdA#46	Zines Part 2/Delirium/Delirium.1.Guide.to.Italian.Exploitation.Cinema.part.1.1970..cbr	49.41 MiB	2009-07-10 13:42:17
CTNdA#46	Zines Part 2/Delirium/Delirium.2.Guide.to.Italian.Exploitation.Cinema.part.2.1975..cbr	58.84 MiB	2009-07-10 13:42:34
CTNdA#46	Zines Part 2/Demonique/Demonique issue 4 (gorbag) FIXED.cbr	22.79 MiB	2009-07-10 13:42:20
CTNdA#46	Zines Part 2/Dreadful Pleasures/Dreadful Pleasures #08-09.cbr	23.24 MiB	2009-07-10 13:40:20
CTNdA#46	Zines Part 2/Dreadful Pleasures/Dreadful Pleasures #10[1995].cbr	18.14 MiB	2009-07-10 13:41:36
CTNdA#46	Zines Part 2/Eyeball/Eyeball #1 (Mumra CG).cbr	8.48 MiB	2009-07-10 13:17:51
CTNdA#46	Zines Part 2/Gore Gazette/Gore Gazette 01(toecutter).cbr	761.65 KiB	2009-07-10 12:22:37
CTNdA#46	Zines Part 2/Gore Gazette/Gore Gazette 47(toecutter).cbr	1.68 MiB	2009-07-10 12:56:23
CTNdA#46	Zines Part 2/Gore Gazette/Gore Gazette 48(toecutter).cbr	1.55 MiB	2009-07-10 12:52:48
CTNdA#46	Zines Part 2/Gore Gazette/Gore Gazette 49(toecutter).cbr	1.48 MiB	2009-07-10 12:55:20
CTNdA#46	Zines Part 2/Gore Gazette/Gore Gazette 53(toecutter).cbr	3.04 MiB	2009-07-10 12:55:20
CTNdA#46	Zines Part 2/Gore Gazette/Gore Gazette 70(toecutter).cbr	3.01 MiB	2009-07-10 12:53:10
CTNdA#46	Zines Part 2/Gore Gazette/Gore Gazette 76(toecutter).cbr	3.15 MiB	2009-07-10 12:53:11
CTNdA#46	Zines Part 2/Gore Gazette/Gore Gazette 89(toecutter).cbr	3.07 MiB	2009-07-10 12:32:56
CTNdA#46	Zines Part 2/Grindhouse/Grindhouse 3(toecutter).cbr	13.82 MiB	2009-07-10 13:38:14
CTNdA#46	Zines Part 2/Hi-Tech Terror/Hi-Tech Terror14(toecutter).cbr	2.04 MiB	2009-07-10 12:51:54
CTNdA#46	Zines Part 2/Hi-Tech Terror/Hi-Tech Terror27(toecutter).cbr	1.88 MiB	2009-07-10 12:38:02
CTNdA#46	Zines Part 2/Hi-Tech Terror/Hi-Tech Terror28(toecutter).cbr	2.3 MiB	2009-07-10 12:48:47
CTNdA#46	Zines Part 2/Hi-Tech Terror/Hi-Tech Terror29(toecutter).cbr	2.14 MiB	2009-07-10 12:37:07
CTNdA#46	Zines Part 2/Hi-Tech Terror/Hi-Tech Terror30(toecutter).cbr	2.04 MiB	2009-07-10 12:48:15
CTNdA#46	Zines Part 2/Hi-Tech Terror/Hi-Tech Terror41(toecutter).cbr	2.14 MiB	2009-07-10 13:21:54
CTNdA#46	Zines Part 2/Killing Moon/KILLING MOON 01.cbr	9.82 MiB	2009-07-10 13:22:37
CTNdA#46	Zines Part 2/Killing Moon/KILLING MOON 02.cbz	36.78 MiB	2009-07-10 13:41:51
CTNdA#46	Zines Part 2/Lunchmeat/Lunchmeat 02.cbr	26.84 MiB	2009-07-10 13:26:54
CTNdA#46	Zines Part 2/Necronomicon/NECRONOMICON 01.cbr	16.49 MiB	2009-07-10 13:33:29
CTNdA#46	Zines Part 2/Psychotronic Video/Psychotronic Video #3.cbr	67.8 MiB	2009-07-10 13:36:49
CTNdA#46	Zines Part 2/Samhain/SAMHAIN #01.cbr	9.63 MiB	2009-07-10 13:23:30
CTNdA#46	Zines Part 2/Samhain/SAMHAIN #09.cbr	18.48 MiB	2009-07-10 13:30:15
CTNdA#46	Zines Part 2/Shock Cinema/Shock Cinema 009.cbz	88.53 MiB	2009-07-10 13:37:12
CTNdA#46	Zines Part 2/Shock Cinema/Shock Cinema 010.cbr	94.58 MiB	2009-07-10 13:34:35
CTNdA#46	Zines Part 2/Shock Cinema/Shock Cinema 036 c2c CAGO.cbr	47.4 MiB	2009-07-10 13:39:06
CTNdA#46	Zines Part 2/Shock Xpress/Shock Xpress Vol2 No1.cbr	11.88 MiB	2009-07-10 13:40:49
CTNdA#46	Zines Part 2/Shock Xpress/Shock Xpress Vol2 No2.cbr	14.2 MiB	2009-07-10 13:39:26
CTNdA#46	Zines Part 2/Shock Xpress/Shock Xpress Vol2 No3.cbr	17.71 MiB	2009-07-10 13:42:16
CTNdA#46	Zines Part 2/Shock Xpress/Shock Xpress Vol2 No4.cbr	64.02 MiB	2009-07-10 13:42:05
CTNdA#46	Zines Part 2/Splatter Times/Splatter Times #8(toecutter).cbr	5.33 MiB	2009-07-10 13:42:33
CTNdA#46	Zines Part 2/Trash Compactor/Trash Compactor V2 No4 (Mumra CG).cbr	10.39 MiB	2009-07-10 13:35:00
CTNdA#46	Zines Part 2/Video Drive-In/Video Drive-In -05(toecutter).cbr	3.67 MiB	2009-07-10 13:27:00
CTNdA#46	Zines Part 2/Video Drive-In/Video Drive-In -06(toecutter).cbr	4.04 MiB	2009-07-10 13:28:00
CTNdA#46	Zines Part 2/Video Drive-In/Video Drive-In -07(toecutter).cbr	3.62 MiB	2009-07-10 13:37:01
CTNdA#46	Zines Part 2/Video Drive-In/Video Drive-In -08(toecutter).cbr	4.19 MiB	2009-07-10 13:32:59
CTNdA#46	Zines Part 2/Video Drive-In/Video Drive-In -10.cbz	1.94 MiB	2009-07-10 13:28:55
CTNdA#46	Zines Part 2/Video Drive-In/Video Drive-In -11.cbz	1.84 MiB	2009-07-10 13:29:19
CTNdA#46	Zines Part 2/Video Drive-In/Video Drive-In -12(toecutter).cbr	3.51 MiB	2009-07-10 13:29:39
CTNdA#46	Zines Part 2/Video Drive-In/Video Drive-In -13(toecutter).cbr	4.45 MiB	2009-07-10 13:30:15
CTNdA#46	Zines Part 2/Videomania/Videomania!-002.cbz	505.33 KiB	2009-07-10 13:30:15
CTNdA#46	Zines Part 2/Videomania/Videomania!-003.cbz	596.33 KiB	2009-07-10 13:30:25
CTNdA#46	Zines Part 2/Videomania/Videomania!-004.cbz	2.07 MiB	2009-07-10 13:30:49
CTNdA#46	Zines Part 2/Videooze/Videooze #8 Spring 1996 (gorbag).cbr	19.03 MiB	2009-07-10 13:34:35
CTNdA#46	Zines Part 2/We Belong Dead/WE BELONG DEAD #01.cbr	11.77 MiB	2009-07-10 13:37:01
CTNdA#46	Zines Part 2/We Belong Dead/WE BELONG DEAD #08.cbr	43.67 MiB	2009-07-10 13:42:34
CTNdA#46	Zines Part 3/1987 Giallo Guide/1987 Giallo Guide(toecutter) re-edit.cbr	9.81 MiB	2009-07-14 22:19:00
CTNdA#46	Zines Part 3/Amazing Cinema Magazine/Amazing Cinema Magazine 02.cbr	14.41 MiB	2009-07-14 22:17:49
CTNdA#46	Zines Part 3/Amazing Cinema Magazine/Amazing Cinema Magazine 03 (1981) (C2C) (Carbunkle-DCP).cbr	12.56 MiB	2009-07-14 21:06:37
CTNdA#46	Zines Part 3/Bang/BANG #23--[CG].cbr	14.97 MiB	2009-07-14 20:57:36
CTNdA#46	Zines Part 3/Cinefantastique/Cinefantasitque Vol09 number002 Salems Lot c2c Jazel.cbr	38.94 MiB	2009-07-14 22:21:27
CTNdA#46	Zines Part 3/Cinefantastique/Cinefantastique Vol 21 number 03 December 1990 - QUINTENRT.cbr	39.71 MiB	2009-07-14 21:37:24
CTNdA#46	Zines Part 3/Dark Terrors/DARK TERRORS #01.cbr	5.02 MiB	2009-07-14 20:51:19
CTNdA#46	Zines Part 3/Draculina/DRACULINA 10.cbr	10.64 MiB	2009-07-14 21:33:36
CTNdA#46	Zines Part 3/Draculina/DRACULINA 23 1995-07.draculina johnny2eyes-dcp.cbz	33.03 MiB	2009-07-14 22:17:28
CTNdA#46	Zines Part 3/Draculina/DRACULINA 41.cbr	32.56 MiB	2009-07-14 22:15:48
CTNdA#46	Zines Part 3/Draculina/DRACULINA FEARBOOK (1992).cbr	10.32 MiB	2009-07-14 22:21:08
CTNdA#46	Zines Part 3/Dropout/Dropout #2(toecutter).cbr	20.88 MiB	2009-07-14 22:07:13
CTNdA#46	Zines Part 3/El Canicherio #2.cbr	9.15 MiB	2009-07-14 22:22:39
CTNdA#46	Zines Part 3/Fantasy Film Memory/Fantasy Film Memory #1(toecutter).cbr	12.51 MiB	2009-07-14 22:22:39
CTNdA#46	Zines Part 3/Fantasy Film Memory/Fantasy Film Memory #3 presents TCM 1 and 2 (gorbag).cbr	22.57 MiB	2009-07-14 22:22:39
CTNdA#46	Zines Part 3/Flesh & Blood/Flesh & Blood 1[1993].cbr	8.01 MiB	2009-07-14 22:16:02
CTNdA#46	Zines Part 3/Focus/Focus 02 - Brinke Stevens (Draculina Publishing) (1994).cbr	21.05 MiB	2009-07-14 22:17:12
CTNdA#46	Zines Part 3/Guide To Horror Video/Guide To Horror Video 1986 c2c PePo.cbr	29.55 MiB	2009-07-14 22:10:19
CTNdA#46	Zines Part 3/Horror Collection/THE HORROR COLLECTION 01.cbr	11.37 MiB	2009-07-14 21:40:46
CTNdA#46	Zines Part 3/Horror Collection/THE HORROR COLLECTION 02.cbr	8.8 MiB	2009-07-14 22:22:37
CTNdA#46	Zines Part 3/Horror Collection/THE HORROR COLLECTION 03.cbr	8.88 MiB	2009-07-14 22:22:37
CTNdA#46	Zines Part 3/Horror Collection/THE HORROR COLLECTION 04.cbr	8.27 MiB	2009-07-14 22:12:12
CTNdA#46	Zines Part 3/Horror Collection/THE HORROR COLLECTION 05.cbr	8.81 MiB	2009-07-14 21:36:21
CTNdA#46	Zines Part 3/In the Flesh/IN THE FLESH #01.cbr	7.85 MiB	2009-07-14 22:07:14
CTNdA#46	Zines Part 3/Night of the Living Dead Filmbook/Night of the Living Dead Filmbook (1985) (author John	71.4 MiB	2009-07-14 22:21:13
CTNdA#46	Zines Part 3/Penny Blood/Penny Blood 011 (fall 2008)(c2c)(fornseyAndTheHardbodies).cbr	48.67 MiB	2009-07-14 22:16:45
CTNdA#46	Zines Part 3/Screem Magazine/Screem 12 (2006 screem publishing)(ctc)(foolindavesclothing).cbr	56.35 MiB	2009-07-14 22:22:06
CTNdA#46	Zines Part 3/Screem Magazine/Screem 17 (2009)(c2c)(CreatureBlackLagoon).cbr	63.54 MiB	2009-07-14 22:22:15
CTNdA#46	Zines Part 3/Screem Magazine/Screem 18 (2009)(c2c)(NightGallery).cbr	70.79 MiB	2009-07-14 22:20:08
CTNdA#46	Zines Part 3/Sheer Filth/Sheer Filth #7.cbr	2.42 MiB	2009-07-14 22:00:41
CTNdA#46	Zines Part 3/Subhuman/Subhuman10(toecutter).cbr	6.22 MiB	2009-07-14 22:04:38
CTNdA#46	Zines Part 3/Subhuman/Subhuman12(toecutter).cbr	6.37 MiB	2009-07-14 22:21:34
CTNdA#46	Zines Part 3/Subhuman/Subhuman13(toecutter).cbr	6.21 MiB	2009-07-14 22:05:24
CTNdA#46	Zines Part 3/Subhuman/Subhuman3(toecutter).cbr	5.01 MiB	2009-07-14 22:07:57
CTNdA#46	Zines Part 3/Subhuman/Subhuman4(toecutter).cbr	3.28 MiB	2009-07-14 22:08:17
CTNdA#46	Zines Part 3/Subhuman/Subhuman5(toecutter).cbr	4.59 MiB	2009-07-14 22:10:23
CTNdA#46	Zines Part 3/Subhuman/Subhuman6(toecutter).cbr	6.5 MiB	2009-07-14 22:13:02
CTNdA#46	Zines Part 3/Subhuman/Subhuman9(toecutter).cbr	6.28 MiB	2009-07-14 22:15:07
CTNdA#46	Zines Part 3/Video Voice/Video voice #11 (re-edit).cbr	21.07 MiB	2009-07-14 22:20:34
CTNdA#46	Zines/Absurd/Absurd v2 n1 1991.cbr	39.83 MiB	2009-07-10 12:15:33
CTNdA#46	Zines/Blackest Heart/Blackest Heart 1.cbr	23.05 MiB	2009-07-10 11:47:25
CTNdA#46	Zines/Blackest Heart/Blackest Heart 2.cbr	33.23 MiB	2009-07-10 11:54:48
CTNdA#46	Zines/Cinema Sewer/Cinema Sewer 10 - Slime.cbr	23.05 MiB	2009-07-10 12:13:55
CTNdA#46	Zines/Cinema Sewer/Cinema Sewer 12 (Feb 2003)(c2c)(CharlieTheUnicorn).cbr	27.61 MiB	2009-07-10 12:06:45
CTNdA#46	Zines/Cinema Sewer/Cinema Sewer 13 c2c (2003) CharlieTheUnicorn.cbr	35.61 MiB	2009-07-10 12:09:01
CTNdA#46	Zines/Cinema Sewer/Cinema Sewer 14 - Times Square.cbr	31.32 MiB	2009-07-10 12:11:24
CTNdA#46	Zines/Cinema Sewer/Cinema Sewer 15.cbr	18.52 MiB	2009-07-10 12:17:45
CTNdA#46	Zines/Cinema Sewer/Cinema Sewer 16.cbr	20.35 MiB	2009-07-10 12:16:43
CTNdA#46	Zines/Cinema Sewer/Cinema Sewer 17.cbr	17.13 MiB	2009-07-10 12:10:51
CTNdA#46	Zines/Cinema Sewer/Cinema Sewer 18 (Mumra CG).cbr	28.77 MiB	2009-07-10 12:08:59
CTNdA#46	Zines/Cinema Sewer/Cinema Sewer 19 c2c (2006) CharlieTheUnicorn.cbr	31.2 MiB	2009-07-10 12:15:34
CTNdA#46	Zines/Cinema Sewer/Cinema Sewer 20 (C2C)(CAGO).cbr	25.67 MiB	2009-07-10 12:13:06
CTNdA#46	Zines/Deep Red/Deep Red 1.cbr	12.25 MiB	2009-07-10 11:46:53
CTNdA#46	Zines/Deep Red/Deep Red 2.cbr	9.3 MiB	2009-07-10 11:51:33
CTNdA#46	Zines/Deep Red/Deep Red 3.cbr	34.79 MiB	2009-07-10 11:56:14
CTNdA#46	Zines/Deep Red/Deep Red 4.cbr	25.66 MiB	2009-07-10 12:00:40
CTNdA#46	Zines/Deep Red/Deep Red 5.cbr	6.99 MiB	2009-07-10 11:49:12
CTNdA#46	Zines/Deep Red/Deep Red 6.cbr	10.1 MiB	2009-07-10 11:56:39
CTNdA#46	Zines/Deep Red/Deep Red 7.cbr	25.32 MiB	2009-07-10 11:51:59
CTNdA#46	Zines/Deep Red/DEEP RED ALERT 01.cbr	18.57 MiB	2009-07-10 11:53:01
CTNdA#46	Zines/Deep Red/DEEP RED ALERT 02.cbr	18.02 MiB	2009-07-10 11:42:19
CTNdA#46	Zines/European Trash Cinema/European Trash Cinema 01(toecutter).cbr	5.18 MiB	2009-07-10 12:17:41
CTNdA#46	Zines/European Trash Cinema/European Trash Cinema 04(toecutter).cbr	2.17 MiB	2009-07-10 12:16:52
CTNdA#46	Zines/European Trash Cinema/European Trash Cinema 05(toecutter).cbr	3.04 MiB	2009-07-10 12:15:48
CTNdA#46	Zines/European Trash Cinema/European Trash Cinema 06(toecutter).cbr	2.46 MiB	2009-07-10 12:17:04
CTNdA#46	Zines/European Trash Cinema/European Trash Cinema 07(toecutter).cbr	2.41 MiB	2009-07-10 12:17:04
CTNdA#46	Zines/European Trash Cinema/European Trash Cinema 08(toecutter).cbr	2.21 MiB	2009-07-10 11:56:33
CTNdA#46	Zines/European Trash Cinema/European Trash Cinema 09&10(toecutter).cbr	5.57 MiB	2009-07-10 12:16:50
CTNdA#46	Zines/European Trash Cinema/European Trash Cinema 11&12(toecutter).cbr	3.79 MiB	2009-07-10 11:55:28
CTNdA#46	Zines/European Trash Cinema/European Trash Cinema Vol 2 No 1(toecutter).cbr	15.01 MiB	2009-07-10 12:16:44
CTNdA#46	Zines/European Trash Cinema/European Trash Cinema Vol 2 No 2(toecutter).cbr	19.55 MiB	2009-07-10 12:14:30
CTNdA#46	Zines/European Trash Cinema/European Trash Cinema Vol 2 No 6 Giallo Special (1992).cbr	10.07 MiB	2009-07-10 12:12:15
CTNdA#46	Zines/Giallo Scrapbook/Giallo Scrapbook.cbr	7.38 MiB	2009-07-10 11:57:44
CTNdA#46	Zines/It's Only A Movie/It's Only A Movie! v01n01 (1990) (TGS).cbz	15.46 MiB	2009-07-10 12:02:41
CTNdA#46	Zines/It's Only A Movie/It's Only A Movie! v01n02 (1990) (TGS).cbz	24.38 MiB	2009-07-10 12:08:04
CTNdA#46	Zines/It's Only A Movie/It's Only A Movie! v01n03 (1990) (TGS).cbz	27.99 MiB	2009-07-10 12:15:12
CTNdA#46	Zines/Naked Screaming Terror/Naked Screaming Terror issue 2(toecutter).cbr	8.6 MiB	2009-07-10 12:12:33
CTNdA#46	Zines/Naked Screaming Terror/Naked Screaming Terror issue 3 (gorbag).cbr	8.58 MiB	2009-07-10 12:14:29
CTNdA#46	Zines/Naked Screaming Terror/Naked Screaming Terror issue 4&5(toecutter).cbr	17.42 MiB	2009-07-10 12:17:45
CTNdA#47	[DivX - ITA] - Ciao Ni! (Renato Zero).avi	700.51 MiB	2009-07-20 19:29:58
CTNdA#47	Aphrodisiac!-1971-Dennis.Van.Zak.avi	699.62 MiB	2009-03-05 07:05:26
CTNdA#47	Cannibal Apocalypse (Domani)-Muxed Ita-Uncut.1980.avi	731.07 MiB	2009-07-19 20:04:48
CTNdA#47	Robot Holocaust - scifi ita (T Kinkaid 1987) Vhs-Rip?.avi	699.79 MiB	2009-07-18 16:09:18
CTNdA#47	Yes, Giorgio.avi	1489.25 MiB	2009-07-18 22:03:29
CTNdA#48	#NEW VHS (S&V) Savana, Sesso e Diamanti (Guido Leoni) VHS-Rip by Nameless RARISSIMO!!!.avi	699 MiB	2009-07-23 10:01:41
CTNdA#48	Italian Kings Of B.avi	664.63 MiB	2009-07-21 12:49:44
CTNdA#48	Mille Peccati...Nessuna Virt? (S. Martino 1969).avi	1196 MiB	2009-07-23 10:47:42
CTNdA#48	SATYRICON 1.divx	1104.49 MiB	2009-07-23 13:11:25
CTNdA#48	Sexi Magico (L. Scattini & M .Loy 1963).avi	699.8 MiB	2009-07-22 18:42:18
CTNdA#49	Alex l'ariete.avi	696.34 MiB	2009-07-31 16:51:03
CTNdA#49	Guida Al Sesso - Tecniche e posizioni per la felicita sessuale.avi	150.93 MiB	2009-07-26 18:13:18
CTNdA#49	Non Si Deve Profanare Il Sonno Dei Morti.avi	659.95 MiB	2009-07-31 14:21:49
CTNdA#49	Non Si Sevizia Un Paperino.avi	893.82 MiB	2009-07-31 13:52:07
CTNdA#49	Roberto Bianchi Montero - Mondo balordo (1964).avi	767.43 MiB	2009-07-31 15:18:56
CTNdA#49	Stridulum (Giulio Paradisi, 1979).Necropolis.DVDrip.CG.avi	1130.17 MiB	2009-07-26 19:07:53
CTNdA#50	Cicciolina Amore Mio.Bruno Mattei.VHSRip.avi	700.82 MiB	2009-08-27 21:38:08
CTNdA#50	La Fantarca (1968, Vittorio Cottafavi).avi	692.48 MiB	2009-08-27 21:18:53
CTNdA#50	Three.Faces.Of.Terror.2004.DVDRip.avi	1400.76 MiB	2009-08-05 19:49:57
CTNdA#50	Tom hooker - jocks (dvd rip -ita) by ROMO.avi	675.74 MiB	2009-08-19 03:35:10
CTNdA#50	voodoo_sexy_erotico_ITA_1974.avi	698.93 MiB	2009-08-16 22:37:12
CTNdA#51	[DivX - ITA] HORROR - La Casa 4 - Witchcraft (Fabrizio Laurenti, 1989).avi	700.68 MiB	2009-09-17 23:33:11
CTNdA#51	IL_DISCO_VOLANTE__TINTO_BRA.AVI	1099.13 MiB	2009-09-07 07:01:17
CTNdA#51	LA_DONNA__IL_SESSO_E_IL_SUP.AVI	805.01 MiB	2009-09-02 10:57:15
CTNdA#51	MORTE_IN_VATICANO__1982__MA.AVI	702.93 MiB	2009-08-31 15:04:59
CTNdA#52	BEFFE__LICENZIE_ET_AMORI_NE.AVI	647 MiB	2009-09-17 00:23:05
CTNdA#52	Decameron 3 Le Pi? Belle Donne del Boccaccio (versione integrale) i.alfaro 1972 vhsrip.avi	699.77 MiB	2009-09-18 20:46:32
CTNdA#52	Decameroticus (1972).avi	741.21 MiB	2009-09-18 06:19:42
CTNdA#52	ELENA_S____MA_DI_TROIA__ALF.AVI	567.77 MiB	2009-09-16 10:24:58
CTNdA#52	I_RACCONTI_DI_VITERBURY_197.AVI	853.91 MiB	2009-09-16 17:34:27
CTNdA#52	PRIMO_TANGO_A_ROMA.AVI	699.79 MiB	2009-09-16 10:47:05
CTNdA#53	_COMMEDIA__DECAMERON_NO__2_.AV	699.78 MiB	2009-09-22 13:56:35
CTNdA#53	1972___DECAMERON_PROIBITISS.AVI	701.93 MiB	2009-09-21 05:13:36
CTNdA#53	Beffe licenzie et amori del decamerone segreto_by Geppetto.avi	741.26 MiB	2009-10-02 14:06:32
CTNdA#53	GLI_ALTRI_RACCONTI_DI_CANTE.AVI	885.75 MiB	2009-09-22 22:42:52
CTNdA#53	Metti lo diavolo tuo ne lo mio inferno (1972) Bitto Albertini (Commedia) VHS uncut by Nameless[DivX.avi	699.64 MiB	2009-10-03 13:29:03
CTNdA#53	SOLLAZZEVOLI_STORIE_DI_MOGL.AVI	702.75 MiB	2009-09-21 05:30:26
CTNdA#54	Fiorina La Vacca - Ornella Muti [ITA 1972].avi	702.94 MiB	2009-09-27 12:04:45
CTNdA#54	Gli altri racconti di Canterbury (1972, Mino Guerrini).avi	885.75 MiB	2009-09-22 22:42:52
CTNdA#54	La bella e la bestia/La-bella-e-la-bestia-1977-4-stories-01.avi	177.19 MiB	2009-09-24 16:09:20
CTNdA#54	La bella e la bestia/La-bella-e-la-bestia-1977-4-stories-02.avi	176.87 MiB	2009-09-24 16:09:20
CTNdA#54	La bella e la bestia/La-bella-e-la-bestia-1977-4-stories-03.avi	153.38 MiB	2009-09-24 16:09:19
CTNdA#54	La bella e la bestia/La-bella-e-la-bestia-1977-4-stories-04.avi	129.49 MiB	2009-09-24 16:09:20
CTNdA#54	LA TROMBATA (QUATTRO LADRONI A CACCIA DI MILIONI)- (S. Bergonzelli 1979)Vhs Rip Kult [[By Alexdee]].avi	1173.67 MiB	2009-09-27 10:56:29
CTNdA#55	colpo_di_stato.avi	663.77 MiB	2009-10-15 13:47:00
CTNdA#55	Come rubare la corona d'Inghilterra.m4v	1014.57 MiB	2009-05-28 23:16:25
CTNdA#55	Le Notti Peccaminose Di Pietro L' Aretino.avi	699.77 MiB	2009-10-17 22:03:50
CTNdA#55	Una spada per Brando (1970, Alfio Caltabiano).avi	773.79 MiB	2009-10-07 12:48:27
CTNdA#56	[DIVX-ITA] HORROR + Funny Frankenstein (M.Bianchi-1984) Vhs-Rip by quetz.avi	699.35 MiB	2009-12-21 13:49:22
CTNdA#56	[XviD Ita] Frankenstein All'Italiana (A. Crispino 1975) VHSRip by quetz.avi	697.73 MiB	2009-12-18 16:15:59
CTNdA#56	Attenti a quei P2.avi	698.05 MiB	2009-12-18 16:01:39
CTNdA#56	Calamo - Massimo Pirri - 1975 (ITA VHSRIP In_humanity).avi	860.51 MiB	2009-10-19 20:56:28
CTNdA#56	Metti lo diavolo tuo ne lo mio inferno.avi	699.64 MiB	2009-11-16 21:07:33
CTNdA#56	The Lion Has Seven Heads/Glauber Rocha - Der Leone Have Sept Cabe?as (1970).avi	570.55 MiB	2009-07-10 17:41:58
CTNdA#57	? doc ? Costume - Sexual Aberration - Sesso Perverso (B. Mattei 1979) VHSRip by quetz.avi	699.17 MiB	2010-01-18 22:44:52
CTNdA#57	[DivX - ITA] Devilman Story (P. Bianchini 1967) SAT-Rip by PaIn.avi	699.71 MiB	2010-01-12 22:23:10
CTNdA#57	Fra_Tazio_da_Velletri-CG.avi	697.87 MiB	2009-10-30 20:25:06
CTNdA#57	Ladislaw.Starewicz.-.The.insects?.Christmas.(1913).avi	51.64 MiB	2009-09-08 15:19:59
CTNdA#57	Retro.Christmas.Classics.DVDRIP.XviD-CG.avi	746.59 MiB	2009-09-09 08:34:49
CTNdA#57	squallor - uccelli d'italia by Arapaho.avi	1097.33 MiB	2010-01-13 08:43:22
CTNdA#58	[DivX - ITA] Yeti - Il Gigante Del 20? Secolo (G. Parolini 1977) Uncut - VHS-Rip by davide466.avi	698.97 MiB	2010-02-01 15:36:01
CTNdA#58	I giochi proibiti dell'Aretino Pietro - di Piero Regnoli - 1972 (Femi Benussi, Tony Kendall, Shirle.avi	887.28 MiB	2009-11-07 21:36:55
CTNdA#58	Leva Lo Diavolo Tuo Dal Convento_1973 (ITA) - Sonja Jeannine, Femi Benussi.avi	603.57 MiB	2009-11-04 16:52:17
CTNdA#58	noi.e.l'amore.avi	895.07 MiB	2009-11-11 21:21:54
CTNdA#58	v.trinadcatom.chasu.nochi.avi	1000.75 MiB	2010-01-22 20:57:36
CTNdA#59	Breakfast With Dracula - Un Vampiro a Miami (T.Russel 1996).avi	702.75 MiB	2010-02-16 02:26:52
CTNdA#59	Commedia Sexy All'Italiana [cbr] -cg/0.cbr	45.42 MiB	2010-02-16 00:54:01
CTNdA#59	Commedia Sexy All'Italiana [cbr] -cg/1.cbr	129.43 MiB	2010-02-16 00:54:01
CTNdA#59	Commedia Sexy All'Italiana [cbr] -cg/2.cbr	156.55 MiB	2010-02-16 00:54:01
CTNdA#59	Commedia Sexy All'Italiana [cbr] -cg/3.cbr	99.76 MiB	2010-02-16 00:54:02
CTNdA#59	Musica per Vecchi Animali.avi	701.82 MiB	2010-02-17 08:09:46
CTNdA#59	Ombre (G. Cavedon 1990) VHS-Rip by Nameless.avi	698.82 MiB	2010-02-11 20:42:50
CTNdA#59	ORG (Birri 1978).avi	849.04 MiB	2010-02-12 23:18:01
CTNdA#59	Topo Galileo.avi	703.26 MiB	2010-02-16 06:12:23
CTNdA#60	[DivX - ITA] Fenomenal E Il Tesoro Di Tutankamen (R. Deodato 1968) VHS-Rip by davide466.avi	689.2 MiB	2010-01-23 01:52:45
CTNdA#60	[DivX - ITA] Il Tuo Piacere ? Il Mio (C. Racca 1973) TV-Rip by davide466.avi	1098.51 MiB	2010-01-25 21:39:39
CTNdA#60	Gli Uccisori.Bubikoglu.Xvid.CG.avi	896.01 MiB	2010-02-28 13:51:16
CTNdA#60	Il Nano Erotico [uncut].avi	798.37 MiB	2010-02-28 12:57:11
CTNdA#60	Pugni.Pirati.e.Karate.[Joe.D'Amato.-.Richard.Harrison].8mm-Rip.XVid.CG.avi	758.16 MiB	2010-02-28 13:20:54
CTNdA#61	Female Animal.avi	895.51 MiB	2010-04-20 12:03:07
CTNdA#61	Il Doppio Sogno dei Signori X (A M Tato' 1980).avi	953.93 MiB	2010-04-20 05:00:00
CTNdA#61	Pugni dollari e spinaci - Emimmo Salvi.avi	796.25 MiB	2010-03-16 13:38:35
CTNdA#61	Sweet.and.Savage.The.World.Through.The.Shockumentary.Film.Lens.2006.eBook-T3.pdf	22.5 MiB	2010-03-12 09:29:27
CTNdA#61	Vietnam.-.Guerra.senza.fronte.[Alessandro.Perrone].VHSrip.XVid.T3.avi	1007.29 MiB	2010-04-20 01:52:46
CTNdA#62	Alessandro.Blasetti.Europa.di.Notte.1959-SMz.avi	939.67 MiB	2010-04-27 12:26:48
CTNdA#62	Il Nido Del Ragno.avi	687.26 MiB	2010-05-08 00:03:45
CTNdA#62	Occhi Dalle Stelle - Regia Mario Gariazzo - Con Robert Hoffman Nathalie Delon Martin Balsam - Itali.avi	1183.39 MiB	2010-04-26 15:56:52
CTNdA#62	The Barbarians [Dual audio].avi	1399.2 MiB	2010-04-27 12:13:30
CTNdA#63	1969 - Mille Peccati Nessuna Virtu (S. Martino) [DVDRip Xvid.avi	1201.85 MiB	2010-05-13 01:33:20
CTNdA#63	Mario Schifano - Umano Non Umano (1972).avi	751.06 MiB	2010-07-26 17:16:56
CTNdA#63	Povero Cristo (1975).avi	699.99 MiB	2010-05-17 19:27:41
CTNdA#63	Saxofone 1979 (Renato Pozzetto - Mariangela Melato - Diego A.avi	893.38 MiB	2010-07-29 10:26:45
CTNdA#64	[DivX - ITA] A mezzanotte corre il terrore (Bowery At Midnig.avi	399.96 MiB	2010-05-03 09:48:25
CTNdA#64	[DivX - ITA] Mal D'Africa (S. Nievo 1967) DVB-Rip by davide4.avi	1298.96 MiB	2010-07-05 04:04:08
CTNdA#64	arcana/Arcana (Giulio Questi 1972 TVrip 104 min)-CG.avi	379.87 MiB	2010-07-08 01:16:59
CTNdA#64	arcana/Arcana (Giulio Questi 1972 TVrip 104 min)-CG.srt	37.31 KiB	2010-07-08 01:07:29
CTNdA#64	arcana/arcana poster 1.jpg	14.24 KiB	2010-07-08 01:07:29
CTNdA#64	arcana/arcana poster 2.jpg	17.59 KiB	2010-07-08 01:07:29
CTNdA#64	Codice_d'amore_orientale_[Piero_Vivarelli_1974].avi	977.17 MiB	2010-07-22 22:03:52
CTNdA#64	Il Nido Del Ragno.avi	687.26 MiB	2010-05-08 00:03:45
CTNdA#64	Rasputin e il suo folle erotismo.avi	690.93 MiB	2010-06-15 02:43:54
CTNdA#65	7 per l'infinito contro i mostri spaziali.avi	966.17 MiB	2009-03-21 12:53:34
CTNdA#65	Gamera contro Gaos.avi	567.17 MiB	2010-07-29 22:53:31
CTNdA#65	H2S.avi	970.5 MiB	2010-07-27 15:07:11
CTNdA#65	Mario Schifano - Umano Non Umano (1972).avi	751.06 MiB	2010-07-20 02:42:14
CTNdA#66	(DivX.ITA).Bloody.Psycho.(Lucio.Fulci,.1989).avi	700.77 MiB	2010-09-05 16:01:30
CTNdA#66	cyborg il guerrierio d'acciaio.avi	700.11 MiB	2010-09-03 13:13:26
CTNdA#66	Impariamo.ad.amarci.1985.VHSRip.XviD-CG.avi	743.87 MiB	2010-08-13 18:08:55
CTNdA#66	La Casa 3 - Ghosthouse (Umberto Lenzi 1988).avi	700.03 MiB	2010-09-02 18:31:08
CTNdA#66	Le.mille.e.una.donna.1964.VHSRip.XviD-CG.avi	744.88 MiB	2010-08-15 22:53:53
CTNdA#66	Troll 2 (1990, Claudio Fragasso) Uncut - DVDrip Mux by Namel.avi	698.07 MiB	2010-09-08 01:07:34
CTNdA#67	Frida professione menager - Polselli.avi	1494.14 MiB	2010-08-23 11:14:14
CTNdA#67	L' Occhio Dietro La Parete (G Petrelli 1977).avi	697.97 MiB	2010-10-07 03:46:47
CTNdA#67	Uova Fatali/Uova Fatali (Rai 1977) Prima Puntata.avi	467.72 MiB	2010-10-16 18:20:14
CTNdA#67	Uova Fatali/Uova Fatali (Rai 1977) Seconda Puntata.avi	442.63 MiB	2010-10-16 18:20:01
CTNdA#68	Adamo.ed.Eva.1983.DVDRIP.XVID-CG.avi	999.52 MiB	2011-03-02 14:00:59
CTNdA#68	America.cosi.nuda.cosi.violenta(1970).avi	698.52 MiB	2011-01-05 20:00:11
CTNdA#68	Divx Ita Volo Per L'inferno-Film Fantascenza Horror 2001 By .avi	699.84 MiB	2011-02-28 20:54:42
CTNdA#68	Eroticofollia - AKA - Malocchio (Mario Siciliano 1975) iTA.avi	714.1 MiB	2011-02-23 20:49:24
CTNdA#68	LE PORTE DEL SILENZIO (Lucio Fulci, 1991).avi	619.08 MiB	2011-03-27 22:24:17
CTNdA#68	Terminator 2 - Shocking dark - 1989 (regia di Bruno M.avi	690.57 MiB	2011-03-02 05:56:18
CTNdA#69	Ghoulies Ita (Luca Bercovici 1985)VHS Found By Eroconip.avi	690.5 MiB	2011-01-23 17:03:07
CTNdA#69	Horror - Bodycount - Il Camping Del Terrore (Horror 1987 Rod.avi	693.95 MiB	2011-04-02 16:02:38
CTNdA#69	Killing.Birds-Uccelli.Assassini.1987_Mp3.iTA_DVDRiP_XViD-CiN.avi	699.93 MiB	2011-01-11 19:30:34
CTNdA#69	L'altro Inferno (Bruno Mattei) - (Horror 1980) Uncut 88Min D.avi	704.81 MiB	2011-02-23 15:09:19
CTNdA#69	La Madama, L'agente Minchiello E Il Caso Patacchioni (1975 -.avi	876.18 MiB	2011-01-29 07:15:57
CTNdA#69	La.Lupa.Mannara.1976.iTA.Alex.Berger.Dvdrip.HoRr0r.by.INVISI.avi	689.32 MiB	2011-01-11 14:28:01
CTNdA#70	Giallo a Venezia_Extended_VHSRIP_XVID.avi	1195.15 MiB	2011-02-26 13:18:06
CTNdA#70	Le Porte del Silenzio.avi	1490.27 MiB	2011-03-29 16:08:54
CTNdA#70	Orfeo 9/cd-cover.jpg	7.55 KiB	2011-03-26 14:09:43
CTNdA#70	Orfeo 9/Ofeo 9 - Parte I.avi	429.87 MiB	2011-03-26 15:18:44
CTNdA#70	Orfeo 9/Ofeo 9 - Parte II.avi	442.1 MiB	2011-03-26 15:19:09
CTNdA#70	trasgressione.avi	896.39 MiB	2011-03-07 19:17:14
CTNdA#71	American Rickshaw.avi	700.77 MiB	2011-04-01 18:49:16
CTNdA#71	Battaglie negli spazi stellari - Alfonso Brescia - 1977.avi	700.33 MiB	2011-01-24 04:34:24
CTNdA#71	Conversione.Gino-Androica.VHSRip.XviD-T3.avi	148.33 MiB	2011-04-12 03:06:57
CTNdA#71	Diabolicamente Letizia (Salvatore Bugnatelli 1975).avi	780.99 MiB	2011-03-07 17:36:28
CTNdA#71	Le Mille e Una Notte... e Un'Altra Ancora (tvrip by G).avi	647.51 MiB	2011-01-05 17:53:00
CTNdA#71	Metti che ti rompo il muso - Giuseppe Vari.avi	746.54 MiB	2011-03-04 14:34:32
CTNdA#71	Mondo Sexy di Notte (Mino Loy 1962).avi	699.8 MiB	2011-03-03 10:34:17
CTNdA#72	Giochi Erotichi Di Una Famiglia Per Bene_VHSRIP_XVID_LqGb.avi	1058.73 MiB	2011-04-06 03:44:17
CTNdA#72	Intimit?_proibita_di_una_giovane_sposa_[Oscar_Brazzi_1970].avi	1438.33 MiB	2011-04-01 21:07:30
CTNdA#72	Psychout for murder [Salvare la faccia_US].avi	847.94 MiB	2011-04-04 21:55:17
CTNdA#72	Salvare la faccia - Rossano Brazzi.divx	909.26 MiB	2011-04-10 20:20:04
CTNdA#73	Puma Man - L'Uomo Puma (TVmux) (1980) [ENG+ITA] by WeeZee.avi	974.42 MiB	2011-03-15 23:18:15
CTNdA#73	Ragnatela del silenzio - aids [ENG].avi	698.21 MiB	2011-04-06 04:51:25
CTNdA#73	Son of a Gunfighter.avi	971.04 MiB	2011-04-10 20:43:31
CTNdA#73	star_odyssey.avi	700.02 MiB	2011-04-03 12:49:40
CTNdA#73	SUPERSONIC MAN.flv	273.54 MiB	2011-01-03 10:16:32
CTNdA#73	The.War.Of.The.Robots[1978][Dvdrip][Eng].avi	700.11 MiB	2011-04-06 02:31:51
CTNdA#74	Anemia.avi	1400.02 MiB	2011-04-17 20:51:49
CTNdA#74	Libidomania [DVDrip]/Libidomania.avi	1595.61 MiB	2011-03-21 22:15:48
CTNdA#74	Libidomania [DVDrip]/Libidomania.srt	61.39 KiB	2011-03-23 08:03:43
CTNdA#74	Rats, Notte Di Terrore.avi	714.99 MiB	2011-04-17 07:28:02
CTNdA#74	Transformations E La Bestia Sorger? Dagli Abissi (Horror por.avi	704.86 MiB	2011-04-18 04:03:26
CTNdA#75	[DivX - ITA] - Amando de Ossorio (Armando) - L'eretica.avi	696.89 MiB	2011-05-28 12:12:14
CTNdA#75	[DivX-ita] - 4 3 2 1 Morte (Fantascienza Cult - 1967).avi	553.17 MiB	2011-04-30 16:02:29
CTNdA#75	7,.Hyden.Park.-.La.casa.maledetta.avi	693.98 MiB	2011-06-02 14:20:50
CTNdA#75	de profundis - luigi cozzi (vhsrip by keoma).avi	699.54 MiB	2011-05-16 20:44:22
CTNdA#75	Fratello homo, sorella bona - Nel Boccaccio superproibito (M.avi	613.93 MiB	2011-05-30 04:55:39
CTNdA#75	Settefolli (Giorgio Bracardi).avi	313.94 MiB	2011-05-27 15:31:53
CTNdA#75	Vendetta dal Futuro [1986].Fantascienza (S. Martino con J.Ag.avi	794.33 MiB	2011-05-27 04:07:12
CTNdA#76	L'OSSESSA (THE SEXORCIST) - di Mario Gariazzo (1974), con St.avi	716.7 MiB	2011-04-24 09:08:55
CTNdA#76	Metamorphosis aka DNA formula letale - 1990 [DivX ITA].avi	708.26 MiB	2011-05-17 03:49:43
CTNdA#76	Nuda Per Satana (L Batzella 1974) Xxx Version Dvdrip By Name.avi	699.95 MiB	2011-05-11 03:07:27
CTNdA#76	Troll 3 - The Crawlers - Creepers - Contamination.7 - Joe D.avi	699.48 MiB	2011-05-12 04:11:28
CTNdA#76	Troll 3 - The Crawlers - Creepers - Contamination.7(Joe d'A.avi	667.65 MiB	2011-05-29 14:54:58
CTNdA#76	Un urlo nelle tenebre (E. Pannaci? - 1975) vhsrip in_humanit.avi	740.43 MiB	2011-05-02 19:10:52
CTNdA#77	Il Mostro Dell'Opera_VHSRIP_SCR_XVID_LqGb.avi	1023.42 MiB	2011-05-07 00:53:02
CTNdA#77	La Bambola Di Satana.avi	895.93 MiB	2011-07-01 18:43:31
CTNdA#77	Love.duro.e.violento.1985.VHSRip.XviD-CG.avi	744.04 MiB	2011-07-09 21:04:40
CTNdA#77	Senso.Proibito.1995.iTALiAN.DVDRip.XviD-TRL.CD1.avi	699.1 MiB	2011-05-07 02:40:40
CTNdA#77	Terrore Nel Bosco(Steve Morelli,Eros Cristaldi,Laura Conti,S.avi	935.06 MiB	2011-05-10 07:00:13
CTNdA#78	Chiavi In Mano - Angela Cavagna, Cinzia Roccaforte.avi	735.03 MiB	2011-07-09 13:48:24
CTNdA#78	Chiavi_in_mano-1996.avi	699.72 MiB	2011-07-07 03:50:43
CTNdA#78	L'amante del demonio (1972) ~DVDrip~ Necropolis ~CG~.avi	896.38 MiB	2011-05-15 16:54:35
CTNdA#78	La Pelle Sotto gli Artigli.avi	711.52 MiB	2011-07-02 16:42:48
CTNdA#78	Oscenita.1980.Dvd.Xvid.WS-CG.avi	1421.55 MiB	2011-05-27 19:06:23
CTNdA#79	blow job A. Cavallone.avi	650.86 MiB	2011-07-01 19:13:40
CTNdA#79	Night Killer - Non aprite quella Porta 3 (VHSmux) (1990) [EN.avi	1457.48 MiB	2011-06-21 05:12:04
CTNdA#79	Nuda per Satana_Nude for Satan (1974) (SC Version) x264 -CG.mkv	1544.45 MiB	2011-05-08 15:09:43
CTNdA#79	Profumo.-.Florence.Guerin.ITA.DVDRip.by.3asy74.avi	696.68 MiB	2011-05-23 10:31:41
CTNdA#80	(DIVX-ITAL) Pronto Lucia - Carmelo Zappulla 1982.avi	692.97 MiB	2011-05-26 19:06:56
CTNdA#80	Brasil ano 2000/Brasil Ano 2000 (Walter Lima Jr, 1969).avi	896.25 MiB	2011-05-08 13:49:17
CTNdA#80	Brasil ano 2000/Brasil Ano 2000 (Walter Lima Jr, 1969).srt	54.05 KiB	2011-05-08 12:10:27
CTNdA#80	Che_casino...con_Pierino!.avi	701.68 MiB	2011-05-30 05:34:06
CTNdA#80	Fatal Frames -(Stefania Stella - Donald Pleasance - Rossano .avi	1148.32 MiB	2011-05-29 17:09:32
CTNdA#80	Satan Claus (1996) By Morgue.avi	701.38 MiB	2011-05-05 06:20:52
CTNdA#80	Sick o pathics.avi	299.41 MiB	2011-07-01 14:57:40
CTNdA#81	Alla mia cara mamma nel giorno del suo compleanno.avi	795.33 MiB	2011-04-01 14:32:15
CTNdA#81	L'umanoide-The Humanoid (SATmux) (1979) [ENG+ITA] by WeeZee.avi	1485.38 MiB	2011-02-24 11:38:29
CTNdA#81	Mario Bertolazzi - Fratello Homo Sorella Bona_Beffe Licenzie Et /01 - At The Beginning.mp3	2.19 MiB	2011-07-19 17:31:12
CTNdA#81	Mario Bertolazzi - Fratello Homo Sorella Bona_Beffe Licenzie Et /02 - Osteria del Fico.mp3	1.1 MiB	2011-07-19 17:31:08
CTNdA#81	Mario Bertolazzi - Fratello Homo Sorella Bona_Beffe Licenzie Et /03 - Dietro la Porta Chiusa.mp3	1.87 MiB	2011-07-19 17:31:09
CTNdA#81	Mario Bertolazzi - Fratello Homo Sorella Bona_Beffe Licenzie Et /04 - Dreamin' Girl.mp3	1.31 MiB	2011-07-19 17:30:56
CTNdA#81	Mario Bertolazzi - Fratello Homo Sorella Bona_Beffe Licenzie Et /05 - The Notary.mp3	1.81 MiB	2011-07-19 17:30:51
CTNdA#81	Mario Bertolazzi - Fratello Homo Sorella Bona_Beffe Licenzie Et /06 - Pa Pa Parapa.mp3	1.17 MiB	2011-07-19 17:31:09
CTNdA#81	Mario Bertolazzi - Fratello Homo Sorella Bona_Beffe Licenzie Et /07 - Dance and Flute.mp3	5.62 MiB	2011-07-19 17:31:05
CTNdA#81	Mario Bertolazzi - Fratello Homo Sorella Bona_Beffe Licenzie Et /08 - The Monastery.mp3	1.11 MiB	2011-07-19 17:30:59
CTNdA#81	Mario Bertolazzi - Fratello Homo Sorella Bona_Beffe Licenzie Et /09 - San Prudenzio Fa La Piova.mp3	1.86 MiB	2011-07-19 17:30:57
CTNdA#81	Mario Bertolazzi - Fratello Homo Sorella Bona_Beffe Licenzie Et /10 - Brother Man.mp3	1.08 MiB	2011-07-19 17:30:50
CTNdA#81	Mario Bertolazzi - Fratello Homo Sorella Bona_Beffe Licenzie Et /11 - Ecclesia.mp3	1.82 MiB	2011-07-19 17:30:52
CTNdA#81	Mario Bertolazzi - Fratello Homo Sorella Bona_Beffe Licenzie Et /12 - Amor Vincit.mp3	1.89 MiB	2011-07-19 17:31:01
CTNdA#81	Mario Bertolazzi - Fratello Homo Sorella Bona_Beffe Licenzie Et /13 - Monks and Sisters.mp3	592.65 KiB	2011-07-19 17:31:16
CTNdA#81	Mario Bertolazzi - Fratello Homo Sorella Bona_Beffe Licenzie Et /14 - Sexy Sister.mp3	3.22 MiB	2011-07-19 17:31:16
CTNdA#81	Mario Bertolazzi - Fratello Homo Sorella Bona_Beffe Licenzie Et /15 - Dietro La Porta Chiusa 2.mp3	1.18 MiB	2011-07-19 17:30:51
CTNdA#81	Mario Bertolazzi - Fratello Homo Sorella Bona_Beffe Licenzie Et /16 - Notary's Doubt.mp3	2.15 MiB	2011-07-19 17:31:11
CTNdA#81	Mario Bertolazzi - Fratello Homo Sorella Bona_Beffe Licenzie Et /17 - Monks Major Crescendo.mp3	1.92 MiB	2011-07-19 17:31:06
CTNdA#81	Mario Bertolazzi - Fratello Homo Sorella Bona_Beffe Licenzie Et /18 - At Last, Leave.mp3	1.72 MiB	2011-07-19 17:31:14
CTNdA#81	Mario Bertolazzi - Fratello Homo Sorella Bona_Beffe Licenzie Et /19 - Dietro La Porta Chiusa 3.mp3	1.71 MiB	2011-07-19 17:30:54
CTNdA#81	Mario Bertolazzi - Fratello Homo Sorella Bona_Beffe Licenzie Et /20 - S'I' Fossi Foco.mp3	1.81 MiB	2011-07-19 17:31:10
CTNdA#81	Mario Bertolazzi - Fratello Homo Sorella Bona_Beffe Licenzie Et /21 - Beffe, Licenze Et Amori seq.	1.06 MiB	2011-07-19 17:45:04
CTNdA#81	Mario Bertolazzi - Fratello Homo Sorella Bona_Beffe Licenzie Et /22 - Beffe, Licenze Et Amori seq.	2.48 MiB	2011-07-19 17:45:05
CTNdA#81	Mario Bertolazzi - Fratello Homo Sorella Bona_Beffe Licenzie Et /23 - Beffe, Licenze Et Amori seq.	1.53 MiB	2011-07-19 17:45:06
CTNdA#81	Mario Bertolazzi - Fratello Homo Sorella Bona_Beffe Licenzie Et /24 - Beffe, Licenze Et Amori seq.	2 MiB	2011-07-19 17:45:08
CTNdA#81	Mario Bertolazzi - Fratello Homo Sorella Bona_Beffe Licenzie Et /25 - Beffe, Licenze Et Amori seq.	2.57 MiB	2011-07-19 17:45:09
CTNdA#81	Mario Bertolazzi - Fratello Homo Sorella Bona_Beffe Licenzie Et /26 - Beffe, Licenze Et Amori seq.	2.35 MiB	2011-07-19 17:45:11
CTNdA#81	Mario Bertolazzi - Fratello Homo Sorella Bona_Beffe Licenzie Et /27 - Beffe, Licenze Et Amori seq.	1.95 MiB	2011-07-19 17:45:11
CTNdA#81	Mario Bertolazzi - Fratello Homo Sorella Bona_Beffe Licenzie Et /28 - Beffe, Licenze Et Amori seq.	1.42 MiB	2011-07-19 17:45:12
CTNdA#81	Mario Bertolazzi - Fratello Homo Sorella Bona_Beffe Licenzie Et /29 - Beffe, Licenze Et Amori seq.	1.76 MiB	2011-07-19 17:45:12
CTNdA#81	Mario Bertolazzi - Fratello Homo Sorella Bona_Beffe Licenzie Et /30 - Beffe, Licenze Et Amori seq.	2.63 MiB	2011-07-19 17:45:14
CTNdA#81	Mario Bertolazzi - Fratello Homo Sorella Bona_Beffe Licenzie Et /31 - Beffe, Licenze Et Amori seq.	1.46 MiB	2011-07-19 17:45:13
CTNdA#81	Mario Bertolazzi - Fratello Homo Sorella Bona_Beffe Licenzie Et /32 - Beffe, Licenze Et Amori seq.	1.36 MiB	2011-07-19 17:45:14
CTNdA#81	Mario Bertolazzi - Fratello Homo Sorella Bona_Beffe Licenzie Et /33 - Beffe, Licenze Et Amori seq.	1.36 MiB	2011-07-19 17:45:15
CTNdA#81	Natura + Carlos Attias - Supersonic Man + On My Way/Natura + Carlos Attias - Supersonic Man + On My	5.99 MiB	2010-12-29 23:32:14
CTNdA#81	Natura + Carlos Attias - Supersonic Man + On My Way/Natura + Carlos Attias - Supersonic Man + On My	136.34 KiB	2010-12-29 23:32:03
CTNdA#81	Natura + Carlos Attias - Supersonic Man + On My Way/Natura + Carlos Attias - Supersonic Man + On My	5.43 MiB	2010-12-29 23:32:15
CTNdA#81	Quando Le Donne Si Chiamavano Madonne.avi	750.16 MiB	2011-07-22 19:21:24
CTNdA#81	Una Cavalla Tutta Nuda - Barbara Bouchet [XviD Ita].avi	830.24 MiB	2011-07-21 11:33:56
CTNdA#82	CRISTIANA MONACA INDEMONIATA (S.Bergonzelli 1972) VHS-Rip by.avi	699.78 MiB	2011-07-31 15:57:25
CTNdA#82	Il Decamerone Nero (Piero Vivarelli 1972) VHS-Rip by Nameles.avi	702.65 MiB	2011-08-01 14:23:15
CTNdA#82	Jus Primae Noctis [Renzo Montagnani, Paolo Stoppa, Lando Buz.avi	750.51 MiB	2011-08-02 00:52:58
CTNdA#82	La Calandria - B.Bouchet e A.Belli.avi	705.49 MiB	2011-07-31 16:49:23
CTNdA#82	Onore e guapparia - [1977 - Pino Mauro]By_PEPPINO.avi	689.78 MiB	2011-08-03 19:43:30
CTNdA#82	Sbamm! - Ezio Greggio 1980.avi	620.86 MiB	2011-08-03 17:22:07
CTNdA#83	(Divx Ita)Grazie Tante E Arrivederci (Bombolo E Carmen Villa.avi	694.55 MiB	2011-07-08 11:29:16
CTNdA#83	Edwige Fenech-Le calde notti di Don Giovanni (1971).avi	684.97 MiB	2011-08-01 01:19:01
CTNdA#83	I.Misteriani.Ita_by.aDRs.avi	767.25 MiB	2011-08-07 21:58:31
CTNdA#83	Supersonic Man.DUAL.CG/Supersonic Man.DUAL.CG.avi	1026.81 MiB	2010-12-30 05:31:24
CTNdA#83	Supersonic Man.DUAL.CG/Supersonic Man.DUAL.CG.srt	54.8 KiB	2010-12-30 01:55:00
CTNdA#83	Ubalda.All.Naked.And.Warm.1972.DVDRip.XviD.J55/Interview With Star Edwidge Fenech.avi	69.62 MiB	2011-07-31 13:20:38
CTNdA#83	Ubalda.All.Naked.And.Warm.1972.DVDRip.XviD.J55/Interview With Star Edwidge Fenech.idx	6.81 KiB	2011-07-31 13:08:44
CTNdA#83	Ubalda.All.Naked.And.Warm.1972.DVDRip.XviD.J55/Interview With Star Edwidge Fenech.sub	452 KiB	2011-07-31 14:38:22
CTNdA#83	Ubalda.All.Naked.And.Warm.1972.DVDRip.XviD.J55/Ubalda.All.Naked.And.Warm.1972.DVDRip.XviD.J55.avi	825.43 MiB	2011-07-31 16:00:24
CTNdA#83	Ubalda.All.Naked.And.Warm.1972.DVDRip.XviD.J55/Ubalda.All.Naked.And.Warm.1972.DVDRip.XviD.J55.idx	85.88 KiB	2011-07-31 13:56:29
CTNdA#83	Ubalda.All.Naked.And.Warm.1972.DVDRip.XviD.J55/Ubalda.All.Naked.And.Warm.1972.DVDRip.XviD.J55.sub	5.85 MiB	2011-07-31 15:56:09
CTNdA#84	Gamma-1 Quadrillogy/1 - Wild Wild Planet - 1965/I Criminali Della Galassia (Margheriti Ita 1965) (Divx	783.52 MiB	2011-08-08 18:52:20
CTNdA#84	Gamma-1 Quadrillogy/1 - Wild Wild Planet - 1965/R0102152_002.jpg.jpg	469.29 KiB	2011-08-08 06:32:47
CTNdA#84	Gamma-1 Quadrillogy/2 - War Of The Planets - 1966/I Diafanoidi vengono da Marte (SATrip) (1966) [ITA]	1190.38 MiB	2011-08-08 18:55:11
CTNdA#84	Gamma-1 Quadrillogy/2 - War Of The Planets - 1966/war_of_planets_poster_01.jpg	3.53 MiB	2011-08-08 17:42:39
CTNdA#84	Gamma-1 Quadrillogy/3 -Planet On The Prowl - 1966/Il pianeta errante (1966).avi	697.88 MiB	2011-08-08 20:38:35
CTNdA#84	Gamma-1 Quadrillogy/3 -Planet On The Prowl - 1966/war-between-the-planets.jpg	270.12 KiB	2011-08-08 16:26:31
CTNdA#84	Gamma-1 Quadrillogy/4 - Snow Devils - 1967/La Morte viene dal Pianeta Aytin (Antonio Margheriti Tvrip	704.58 MiB	2011-08-08 20:37:47
CTNdA#84	Gamma-1 Quadrillogy/4 - Snow Devils - 1967/locandina.jpg	372.15 KiB	2011-08-08 20:06:46
CTNdA#84	Gamma-1 Quadrillogy/5 - Green Slime - 1968/CL47824.jpg	357.52 KiB	2011-08-08 19:07:49
CTNdA#84	Gamma-1 Quadrillogy/5 - Green Slime - 1968/Il Fango Verde - Green Slime-letterbox-tv rip (1968).avi	744.22 MiB	2011-08-08 20:38:11
CTNdA#85	[DivX - FILM - ITA] I mostri delle rocce atomiche 1958 Fanta.avi	762.69 MiB	2011-08-09 00:02:45
CTNdA#85	[DivX - FILM - ITA] Spaceman Contro I Vampiri Dello Spazio F.avi	699.99 MiB	2011-08-09 00:04:04
CTNdA#85	[XviD ITA] Justine, Ovvero Le Disavventure Della Virt? (J. F.avi	704.76 MiB	2011-08-13 04:19:02
CTNdA#85	Fantascienza.-.Battaglie.Negli.Spazi.Stellari.(Aka.Cosmo.200.avi	700.33 MiB	2011-08-11 12:51:30
CTNdA#85	Le Foto Di Gioia (Aka Lirium) - Lamberto Bava - Con Serena G.avi	699.72 MiB	2011-08-10 18:20:21
CTNdA#85	Voci.dal.profondo.-.Voices.from.beyond.[Ac3.ITA-ENG].Dvd-rip.avi	741.37 MiB	2011-08-15 03:27:03
CTNdA#86	[DivX - ITA] - Giandomenico Fracchia - Fracchia e l'amore (con Paolo Villaggio, 1975) 1? p.avi	700.99 MiB	2011-07-25 17:30:05
CTNdA#86	1992 - Mutande Pazze (Monica Guerritore, Eva Grimaldi, Marisa Merlini, Deborah Cal?, Sergio Vasta.avi	702.7 MiB	2011-08-17 18:12:31
CTNdA#86	Fracchia E Il Successo.avi	687.65 MiB	2011-07-25 01:27:17
CTNdA#86	Giandomenico Fracchia - Episodio 2 di 4 (1975) Fracchia e il tempo libero.avi	648.74 MiB	2011-07-23 15:41:34
CTNdA#86	Lillo E Greg - The Movie [fixed].avi	681.39 MiB	2011-08-18 08:58:12
CTNdA#86	More Filthy Canterbury Tales [Joe D'Amato 1972]	778.23 MiB	2011-08-02 04:29:35
CTNdA#86	More Filthy Canterbury Tales [Joe D'Amato 1972] CG/Extras/AlternativeFootage01.avi	29.46 MiB	2011-08-02 03:57:07
CTNdA#86	More Filthy Canterbury Tales [Joe D'Amato 1972] CG/Extras/AlternativeFootage02.avi	7.85 MiB	2011-08-02 03:29:53
CTNdA#86	More Filthy Canterbury Tales [Joe D'Amato 1972] CG/Extras/AlternativeFootage03.avi	21.01 MiB	2011-08-02 04:18:26
CTNdA#86	More Filthy Canterbury Tales [Joe D'Amato 1972] CG/Extras/CutFootage01.avi	5.41 MiB	2011-08-02 04:11:44
CTNdA#86	More Filthy Canterbury Tales [Joe D'Amato 1972] CG/Extras/CutFootage02.avi	5.46 MiB	2011-08-02 04:21:14
CTNdA#86	More Filthy Canterbury Tales [Joe D'Amato 1972] CG/Extras/CutFootage03.avi	1.54 MiB	2011-08-02 03:09:08
CTNdA#86	More Filthy Canterbury Tales [Joe D'Amato 1972] CG/Extras/CutFootage04.avi	3.89 MiB	2011-08-02 03:23:35
CTNdA#86	More Filthy Canterbury Tales [Joe D'Amato 1972] CG/Extras/CutFootage05.avi	13.77 MiB	2011-08-02 04:05:38
CTNdA#86	More Filthy Canterbury Tales [Joe D'Amato 1972] CG/Extras/CutFootage06.avi	6.97 MiB	2011-08-02 04:26:28
CTNdA#86	More Filthy Canterbury Tales [Joe D'Amato 1972] CG/Extras/English_End_Titles.avi	11.8 MiB	2011-08-02 03:24:44
CTNdA#86	More Filthy Canterbury Tales [Joe D'Amato 1972] CG/Extras/Filmloss01.avi	2.03 MiB	2011-08-02 03:11:53
CTNdA#86	More Filthy Canterbury Tales [Joe D'Amato 1972] CG/Extras/Filmloss02.avi	4.96 MiB	2011-08-02 03:18:05
CTNdA#86	More Filthy Canterbury Tales [Joe D'Amato 1972] CG/Extras/Filmloss03.avi	3.5 MiB	2011-08-02 03:23:35
CTNdA#87	Frankenstein Alla Conquista Della Terra - I. Honda (1965).avi	835.62 MiB	2011-08-22 13:51:11
CTNdA#87	La Notte della Lunga Paura.avi	1134.4 MiB	2011-08-21 00:22:08
CTNdA#87	Odissea (Canale 5 1991).avi	1048.12 MiB	2011-08-21 13:49:16
CTNdA#87	Quando i picciotti sgarrano.avi	1105.6 MiB	2011-08-23 02:48:11
CTNdA#88	Angeli_bianchi...angeli_neri_[Luigi_Scattini_1970].avi	1096.97 MiB	2011-11-09 04:46:10
CTNdA#88	Il Prato Macchiato Di Rosso (R.Ghione - 1973).avi	513.65 MiB	2011-08-20 18:07:34
CTNdA#88	L'Italia_in_pigiama_[Guido_Guerrasio_1977].avi	1150.99 MiB	2011-11-20 13:08:16
CTNdA#88	Miami Golem (DVBmux) (1985) [ENG+ITA] by WeeZee.avi	979.55 MiB	2011-09-24 19:58:21
CTNdA#88	The Bloodstained Lawn.avi	699.45 MiB	2011-09-01 02:49:31
CTNdA#89	ErOs-Senso.Proibito.1995.iTALiAN.DVDRip.XviD-TRL.CD2.avi	700.48 MiB	2012-01-03 11:39:48
CTNdA#89	Nelle pieghe della carne (Sergio Bergonzelli 1970)/NELLE PIEGHE DELLA CARNE 1(S. Bergonzelli -	790.05 MiB	2011-11-09 10:51:31
CTNdA#89	Nelle pieghe della carne (Sergio Bergonzelli 1970)/Nelle Pieghe Della Carne 2 (S. Bergonzelli 1970).mpg	787.43 MiB	2011-11-09 10:51:53
CTNdA#89	Return of the Ewok (1982) Drone139x-CG.avi	360.82 MiB	2011-09-29 03:43:57
CTNdA#89	Satans Baby Doll/La.Bimba.Di.Satana.XXX.1982.DVDRip.XviD-SiCK-CG.avi	1493.41 MiB	2011-12-29 00:36:32
CTNdA#89	Satans Baby Doll/La.Bimba.Di.Satana.XXX.1982.DVDRip.XviD-SiCK-CG.srt	39.16 KiB	2011-12-28 20:46:45
CTNdA#90	Gianni Celati - Strada provinciale delle anime.avi	463.22 MiB	2012-02-07 04:54:24
CTNdA#90	Il compromesso erotico - Menage a quattro.avi	746.51 MiB	2011-09-30 00:15:13
CTNdA#90	La commessa.avi	675.64 MiB	2012-03-07 03:31:22
CTNdA#90	La Geisha dalle mani d'acciaio [Rip-By-PrinceOfTheDarK].avi	600.34 MiB	2012-02-09 23:27:45
CTNdA#90	La mafia mi f? un baffo.avi	972.35 MiB	2012-03-07 13:45:19
CTNdA#90	Scusi, lei conosce il sesso - rippedbynikko CG.avi	999.51 MiB	2012-01-09 20:24:03
CTNdA#91	Arti Marziali Con Una Mano Ti Rompo Con Due Piedi Ti Spezzo.avi	735.07 MiB	2011-09-20 19:13:28
CTNdA#91	Blue_movie_XXX[Alberto_Cavallone_1978].avi	1741.61 MiB	2012-02-17 07:21:42
CTNdA#91	Diamond connection.avi	1895.97 MiB	2012-02-18 11:03:08
CTNdA#92	[Divx-KUNG FU-ITA] Furia Gialla (1970) [DvDRiP_By_ PriNceOfT.avi	706.26 MiB	2012-02-01 04:56:02
CTNdA#92	FILM ITA - La Sfida Degli Invincibili Campioni (WANG YU_ WUX.avi	694.46 MiB	2012-02-02 10:53:04
CTNdA#92	I Diabolici Convegni (J. M. Elorrieta 1971) VHSRip by Pierre.avi	698.25 MiB	2012-03-06 09:43:50
CTNdA#92	Il Gatto di Brooklyn aspirante Detective (1973 con Franco F.avi	690.31 MiB	2012-03-25 03:17:15
CTNdA#92	Il.Giustiziere.Sfida.La.Polizia.1974_Mp3.iTA_DVDMUX_XViD.avi	712.02 MiB	2012-03-05 21:24:26
CTNdA#92	Poppea - una prostituta al servizio dell'impero.avi	831.42 MiB	2011-09-30 05:25:14
CTNdA#93	America Paese Di Dio - rip by Nikko [CG].avi	1004.28 MiB	2012-03-18 01:36:01
CTNdA#93	CG.Le sette cinesi d'oro (Vincenzo Cascino,1967).RippedbyNef.avi	1381.76 MiB	2012-02-18 03:41:31
CTNdA#93	Kong-Uragano Sulla Metropoli.avi	782.3 MiB	2011-08-30 17:57:32
CTNdA#93	Lady Frankenstein - vhs-rip by Nikko.avi	1286.89 MiB	2012-03-17 23:33:00
CTNdA#94	Blue Movie (1978, A. Cavallone).avi	700.03 MiB	2012-02-16 08:50:16
CTNdA#94	Messalina Messalina_ENG (Bruno Corbucci - Anneka Di Loren.avi	700.49 MiB	2012-02-26 08:02:42
CTNdA#94	Omicidio a luci blu_ItalianVHS_DVDR_LqGb/VIDEO_TS/VIDEO_TS.BUP	12 KiB	2011-08-19 18:27:15
CTNdA#94	Omicidio a luci blu_ItalianVHS_DVDR_LqGb/VIDEO_TS/VIDEO_TS.IFO	12 KiB	2011-08-19 18:27:15
CTNdA#94	Omicidio a luci blu_ItalianVHS_DVDR_LqGb/VIDEO_TS/VIDEO_TS.VOB	40 KiB	2011-08-19 18:27:15
CTNdA#94	Omicidio a luci blu_ItalianVHS_DVDR_LqGb/VIDEO_TS/VTS_01_0.BUP	58 KiB	2011-08-19 18:27:15
CTNdA#94	Omicidio a luci blu_ItalianVHS_DVDR_LqGb/VIDEO_TS/VTS_01_0.IFO	58 KiB	2011-08-19 18:27:15
CTNdA#94	Omicidio a luci blu_ItalianVHS_DVDR_LqGb/VIDEO_TS/VTS_01_1.VOB	1024 MiB	2011-08-20 01:22:34
CTNdA#94	Omicidio a luci blu_ItalianVHS_DVDR_LqGb/VIDEO_TS/VTS_01_2.VOB	1024 MiB	2011-08-20 01:21:28
CTNdA#94	Omicidio a luci blu_ItalianVHS_DVDR_LqGb/VIDEO_TS/VTS_01_3.VOB	925.92 MiB	2011-08-20 01:22:02
CTNdA#95	Un'ombra nell'ombra (1979) - Irene Papas, Valentina Cortese, Carmen Russo, Lara Wendel [DivX].avi	687.27 MiB	2012-03-30 01:42:10
CTNdA#95	Yeti il gigante del XX secolo_NRstereo.mpg	3.21 GiB	2011-03-26 13:19:53
CTNdA#96	- La Badessa Di Castro -.avi	699.01 MiB	2012-03-31 20:57:05
CTNdA#96	[XviD-Ita] Intervista a Renato Polselli 1 (Nocturno Special).avi	121.97 MiB	2012-04-02 07:16:23
CTNdA#96	1990 - Sapore di donna (Mario Gariazzo - Valentine Demy, Deb.avi	853.25 MiB	2012-03-29 01:00:43
CTNdA#96	HORROR_-_AN_UGLY_DOCUMENTARY.flv	68.72 MiB	2012-04-02 18:35:26
CTNdA#96	LUPIN III LA STRATEGIA PSICOCINETICA.DVDRip.AC3 ITA.AC3 JAP..avi	699.1 MiB	2012-03-31 01:44:23
CTNdA#96	Paradiso_dell'uomo_[Giuliano_Tomei_1963].avi	1.7 GiB	2011-11-09 07:55:35
CTNdA#97	La Casa - Angelino Fons_Renato Polselli.avi	880.92 MiB	2012-05-21 18:00:50
CTNdA#97	Messalina, Messalina!/VIDEO_TS/VIDEO_TS.BUP	12 KiB	2012-07-05 12:48:08
CTNdA#97	Messalina, Messalina!/VIDEO_TS/VIDEO_TS.IFO	12 KiB	2012-07-05 12:48:08
CTNdA#97	Messalina, Messalina!/VIDEO_TS/VIDEO_TS.VOB	160 KiB	2012-07-05 12:48:08
CTNdA#97	Messalina, Messalina!/VIDEO_TS/VTS_01_0.BUP	62 KiB	2012-07-05 12:48:08
CTNdA#97	Messalina, Messalina!/VIDEO_TS/VTS_01_0.IFO	62 KiB	2012-07-05 12:48:08
CTNdA#97	Messalina, Messalina!/VIDEO_TS/VTS_01_1.VOB	716.56 MiB	2012-07-05 13:20:49
CTNdA#97	Messalina, Messalina!/VIDEO_TS/VTS_01_2.VOB	716.56 MiB	2012-07-05 13:20:52
CTNdA#97	Messalina, Messalina!/VIDEO_TS/VTS_01_3.VOB	716.56 MiB	2012-07-05 13:19:52
CTNdA#97	Messalina, Messalina!/VIDEO_TS/VTS_01_4.VOB	716.56 MiB	2012-07-05 13:19:17
CTNdA#97	Messalina, Messalina!/VIDEO_TS/VTS_01_5.VOB	716.52 MiB	2012-07-05 13:19:48
CTNdA#98	90.notti.in.giro.per.il.mondo.1963.TVRip.XviD-CG/90.notti.in.giro.per.il.mondo.1963.TVRip.XviD-CG.avi	889.65 MiB	2012-04-11 17:58:29
CTNdA#98	90.notti.in.giro.per.il.mondo.1963.TVRip.XviD-CG/90.notti.in.giro.per.il.mondo.1963.TVRip.XviD-CG.nfo	4.88 KiB	2012-04-11 17:03:36
CTNdA#98	Gli Extraterrestri Torneranno (1969) Harald Reinl.avi	430.38 MiB	2012-07-03 13:21:19
CTNdA#98	La_rivoluzione_sessuale_[Riccardo_Ghione_1968].avi	1.51 GiB	2012-07-07 16:33:42
CTNdA#98	Per amore di Poppea 1977 DVDRip CRUSADERS.avi	1.46 GiB	2012-06-12 09:22:58
CTNdA#99	Fate la nanna coscine di pollo.avi	700.95 MiB	2012-06-28 20:54:31
CTNdA#99	Racconti proibiti... di niente vestiti/VIDEO_TS/VIDEO_TS.BUP	6 KiB	2012-06-25 01:56:18
CTNdA#99	Racconti proibiti... di niente vestiti/VIDEO_TS/VIDEO_TS.IFO	6 KiB	2012-06-25 01:56:18
CTNdA#99	Racconti proibiti... di niente vestiti/VIDEO_TS/VTS_01_0.BUP	70 KiB	2012-06-25 01:56:18
CTNdA#99	Racconti proibiti... di niente vestiti/VIDEO_TS/VTS_01_0.IFO	80 KiB	2012-06-25 01:56:18
CTNdA#99	Racconti proibiti... di niente vestiti/VIDEO_TS/VTS_01_1.VOB	1024 MiB	2012-06-26 13:32:31
CTNdA#99	Racconti proibiti... di niente vestiti/VIDEO_TS/VTS_01_2.VOB	1024 MiB	2012-06-26 13:48:31
CTNdA#99	Racconti proibiti... di niente vestiti/VIDEO_TS/VTS_01_3.VOB	1024 MiB	2012-06-26 14:14:47
CTNdA#99	Racconti proibiti... di niente vestiti/VIDEO_TS/VTS_01_4.VOB	685.93 MiB	2012-06-26 14:22:03
CTNdA#39bis	Frankenstein.80.Vhs-rip.XviD.video-man.avi	699.67 MiB	2008-06-01 11:25:56
CTNdA#39bis	Goldface - The Fantastic Superman	987.73 MiB	2008-01-26 05:22:22
CTNdA#39bis	La porta sul buio/01 - Il vicino di casa/DiD 01 - Il Vicino di Casa.avi	697.55 MiB	2004-03-25 23:11:17
CTNdA#39bis	La porta sul buio/02 - Il tram/DiD 02 - Il Tram.avi	697.00 MiB	2004-03-26 02:09:04
CTNdA#39bis	La porta sul buio/03 - Testimone oculare/DiD 03 - Testimone Oculare.avi	616.50 MiB	2004-03-26 11:29:17
CTNdA#39bis	La porta sul buio/04 - La bambola/Did 04 - La Bambola.avi	697.44 MiB	2004-03-26 11:41:28
